problem,n,instance,solver,schedule_type,reads,num_steps,j_rms,beta_end,best_energy,success_prob,tts_99,wall_sec
wmaxcut,64,0,sqa-std,standard,15,150,6.1333,1.0,-1334.0570409089007,0.9333,2,28.268406629562378
wmaxcut,64,0,sqa-opt,optimal,15,150,6.1333,1.0,-1334.0570409089007,1.0,1.0,33.0649109184742
wmaxcut,128,26,sqa-std,standard,15,150,6.13,1.0,-3837.901982156913,0.4667,8,60.77739202976227
wmaxcut,128,26,sqa-opt,optimal,15,150,6.13,1.0,-3837.901982156913,1.0,1.0,73.33748191595078
sk,64,22,sqa-std,standard,15,150,5.0386,1.0,-1855.3490332378508,0.9333,2,27.978385098278522
sk,64,22,sqa-opt,optimal,15,150,5.0386,1.0,-1855.3490332378508,1.0,1.0,32.568581111729145
sk,256,18,sqa-std,standard,15,150,5.0131,1.0,-15095.086350271476,0.2667,15,143.91817063093185
sk,256,18,sqa-opt,optimal,15,150,5.0131,1.0,-15334.817503657201,1.0,1.0,178.61367984116077
ea3d,125,14,sqa-std,standard,15,150,5.3365,1.0,-1105.4037323534037,0.2667,15,58.907963149249554
ea3d,125,14,sqa-opt,optimal,15,150,5.3365,1.0,-1110.6170043954075,1.0,1.0,83.15912964940071
w3reg,64,10,sqa-std,standard,15,150,5.9566,1.0,-437.76911826279917,0.7333,4,28.410011872649193
w3reg,64,10,sqa-opt,optimal,15,150,5.9566,1.0,-437.76911826279917,1.0,1.0,35.20589778572321
w3reg,256,6,sqa-std,standard,15,150,6.1234,1.0,-1854.988400009531,0.4667,8,145.8607940673828
w3reg,256,6,sqa-opt,optimal,15,150,6.1234,1.0,-1885.6643055683078,0.8,3,250.0972044840455
numpart,28,2,sqa-std,standard,15,150,5.0,1.0,3.4762992484616007e-10,0.0667,67,11.82254771143198
numpart,28,2,sqa-opt,optimal,15,150,5.0,1.0,1.7737611379686768e-10,0.0667,67,13.6460165604949
numpart,30,28,sqa-std,standard,15,150,5.0,1.0,1.2343324140573486e-09,0.0667,67,12.80198172479868
numpart,30,28,sqa-opt,optimal,15,150,5.0,1.0,3.4330982501273866e-11,0.0667,67,15.103939719498158
wmaxcut,64,1,sqa-std,standard,15,150,6.2309,1.0,-1273.2495708273584,0.7333,4,27.45400880277157
wmaxcut,64,1,sqa-opt,optimal,15,150,6.2309,1.0,-1273.2495708273584,1.0,1.0,32.48782742023468
wmaxcut,128,27,sqa-std,standard,15,150,6.0703,1.0,-3571.4938268915034,0.2667,15,60.04716865718365
wmaxcut,128,27,sqa-opt,optimal,15,150,6.0703,1.0,-3571.4938268915034,1.0,1.0,73.01956157386303
sk,64,23,sqa-std,standard,15,150,5.0757,1.0,-1828.742416745834,1.0,1.0,28.191100597381592
sk,64,23,sqa-opt,optimal,15,150,5.0757,1.0,-1828.742416745834,1.0,1.0,32.93837650120258
sk,256,19,sqa-std,standard,15,150,5.0126,1.0,-14913.497522167225,0.2,21,142.75669394433498
sk,256,19,sqa-opt,optimal,15,150,5.0126,1.0,-15175.17742303684,1.0,1.0,176.7855406999588
ea3d,125,15,sqa-std,standard,15,150,4.9828,1.0,-1046.9976063252818,0.5333,7,59.021113723516464
ea3d,125,15,sqa-opt,optimal,15,150,4.9828,1.0,-1046.9976063252818,1.0,1.0,84.08092588186264
w3reg,64,11,sqa-std,standard,15,150,6.1459,1.0,-460.49178417460087,0.7333,4,28.23535667359829
w3reg,64,11,sqa-opt,optimal,15,150,6.1459,1.0,-460.49178417460087,1.0,1.0,35.533201925456524
w3reg,256,7,sqa-std,standard,15,150,6.0442,1.0,-1811.5950044146102,0.2,21,144.88597410172224
w3reg,256,7,sqa-opt,optimal,15,150,6.0442,1.0,-1843.8199673710124,0.8667,3,252.31593276560307
numpart,28,3,sqa-std,standard,15,150,5.0,1.0,5.500996796969915e-09,0.0667,67,11.810937151312828
numpart,28,3,sqa-opt,optimal,15,150,5.0,1.0,3.259167935532048e-11,0.0667,67,13.709491319954395
numpart,30,29,sqa-std,standard,15,150,5.0,1.0,4.716785573233295e-10,0.0667,67,12.78148316591978
numpart,30,29,sqa-opt,optimal,15,150,5.0,1.0,2.4057436598390325e-10,0.0667,67,14.993376210331917
wmaxcut,64,2,sqa-std,standard,15,150,5.9897,1.0,-1239.220326785694,0.3333,12,27.563951142132282
wmaxcut,64,2,sqa-opt,optimal,15,150,5.9897,1.0,-1239.220326785694,1.0,1.0,33.375260308384895
wmaxcut,128,28,sqa-std,standard,15,150,6.0971,1.0,-3648.74673044973,0.2667,15,60.52621804177761
wmaxcut,128,28,sqa-opt,optimal,15,150,6.0971,1.0,-3650.1565638607403,1.0,1.0,74.8087515309453
sk,64,24,sqa-std,standard,15,150,4.9297,1.0,-1794.4775453572781,0.6,6,28.539197996258736
sk,64,24,sqa-opt,optimal,15,150,4.9297,1.0,-1794.4775453572781,1.0,1.0,33.127461425960064
sk,256,20,sqa-std,standard,15,150,5.0392,1.0,-15320.230125231315,0.0667,67,144.17796535789967
sk,256,20,sqa-opt,optimal,15,150,5.0392,1.0,-15373.01634891704,1.0,1.0,174.5396312698722
ea3d,125,16,sqa-std,standard,15,150,4.7068,1.0,-965.7174033330849,0.2667,15,59.48650702834129
ea3d,125,16,sqa-opt,optimal,15,150,4.7068,1.0,-972.5310434572399,0.9333,2,87.45473646372557
w3reg,64,12,sqa-std,standard,15,150,6.1264,1.0,-471.28414151481326,1.0,1.0,28.36785940080881
w3reg,64,12,sqa-opt,optimal,15,150,6.1264,1.0,-471.28414151481326,1.0,1.0,36.17623294144869
w3reg,256,8,sqa-std,standard,15,150,6.0943,1.0,-1868.8926301474535,0.1333,33,146.00432689487934
w3reg,256,8,sqa-opt,optimal,15,150,6.0943,1.0,-1870.1477276749483,0.7333,4,256.30381859093904
numpart,28,4,sqa-std,standard,15,150,5.0,1.0,7.138082125379697e-09,0.0667,67,11.800945445895195
numpart,28,4,sqa-opt,optimal,15,150,5.0,1.0,3.211315657836167e-10,0.0667,67,13.578195437788963
wmaxcut,64,3,sqa-std,standard,15,150,6.0126,1.0,-1331.0109980766601,0.7333,4,27.67810782045126
wmaxcut,64,3,sqa-opt,optimal,15,150,6.0126,1.0,-1331.0109980766601,1.0,1.0,32.58581700921059
wmaxcut,128,29,sqa-std,standard,15,150,6.1224,1.0,-3750.6806044781933,0.6667,5,60.57435353845358
wmaxcut,128,29,sqa-opt,optimal,15,150,6.1224,1.0,-3750.6806044781933,1.0,1.0,72.5774869248271
sk,64,25,sqa-std,standard,15,150,5.091,1.0,-1979.847336533757,1.0,1.0,28.184300608932972
sk,64,25,sqa-opt,optimal,15,150,5.091,1.0,-1979.847336533757,1.0,1.0,32.355552189052105
sk,256,21,sqa-std,standard,15,150,4.9848,1.0,-15277.724911156476,0.1333,33,143.99705705046654
sk,256,21,sqa-opt,optimal,15,150,4.9848,1.0,-15431.224836513169,1.0,1.0,174.21597695350647
ea3d,125,17,sqa-std,standard,15,150,5.023,1.0,-1060.253957218794,0.3333,12,59.636560551822186
ea3d,125,17,sqa-opt,optimal,15,150,5.023,1.0,-1057.0350785611063,0.4,10,87.14623302221298
w3reg,64,13,sqa-std,standard,15,150,6.0217,1.0,-464.61974067276725,0.4667,8,28.209801331162453
w3reg,64,13,sqa-opt,optimal,15,150,6.0217,1.0,-464.61974067276725,1.0,1.0,35.38232232630253
w3reg,256,9,sqa-std,standard,15,150,5.967,1.0,-1841.054138880415,0.1333,33,144.77675009518862
w3reg,256,9,sqa-opt,optimal,15,150,5.967,1.0,-1856.7066065200788,0.8667,3,250.21924936771393
numpart,28,5,sqa-std,standard,15,150,5.0,1.0,3.3923877040820116e-09,0.0667,67,11.953665524721146
numpart,28,5,sqa-opt,optimal,15,150,5.0,1.0,8.458567180014143e-11,0.0667,67,13.855870693922043
wmaxcut,64,4,sqa-std,standard,15,150,5.9776,1.0,-1236.12131056234,0.4,10,27.65117844939232
wmaxcut,64,4,sqa-opt,optimal,15,150,5.9776,1.0,-1236.12131056234,1.0,1.0,33.23541456460953
wmaxcut,256,0,sqa-std,standard,15,150,6.0679,1.0,-10011.754990175863,0.4667,8,141.43727788329124
wmaxcut,256,0,sqa-opt,optimal,15,150,6.0679,1.0,-10370.011489022736,1.0,1.0,190.13143698871136
sk,64,26,sqa-std,standard,15,150,5.0562,1.0,-1819.847364881308,0.3333,12,27.624880641698837
sk,64,26,sqa-opt,optimal,15,150,5.0562,1.0,-1819.847364881308,1.0,1.0,31.98590885102749
sk,256,22,sqa-std,standard,15,150,4.9971,1.0,-14945.504701866803,0.0667,67,141.2612891793251
sk,256,22,sqa-opt,optimal,15,150,4.9971,1.0,-15004.415374120324,1.0,1.0,177.085537225008
ea3d,125,18,sqa-std,standard,15,150,5.1149,1.0,-1072.6506867883015,0.8,3,60.868481516838074
ea3d,125,18,sqa-opt,optimal,15,150,5.1149,1.0,-1072.6506867883015,1.0,1.0,87.93514551967382
w3reg,64,14,sqa-std,standard,15,150,5.8036,1.0,-420.9095802892392,0.8,3,27.661107651889324
w3reg,64,14,sqa-opt,optimal,15,150,5.8036,1.0,-420.9095802892392,1.0,1.0,35.30234087258577
w3reg,256,10,sqa-std,standard,15,150,5.89,1.0,-1783.3784821964323,0.5333,7,144.78409875184298
w3reg,256,10,sqa-opt,optimal,15,150,5.89,1.0,-1835.2790309027425,0.6667,5,252.05566343665123
numpart,28,6,sqa-std,standard,15,150,5.0,1.0,1.0378734760507768e-08,0.0667,67,11.147383272647858
numpart,28,6,sqa-opt,optimal,15,150,5.0,1.0,5.746119136063044e-10,0.0667,67,12.37177824229002
wmaxcut,64,5,sqa-std,standard,15,150,6.1692,1.0,-1298.901062881183,0.6667,5,27.757490672171116
wmaxcut,64,5,sqa-opt,optimal,15,150,6.1692,1.0,-1298.901062881183,1.0,1.0,32.52377674728632
wmaxcut,256,1,sqa-std,standard,15,150,6.0718,1.0,-10269.451787051039,0.2667,15,140.17912954092026
wmaxcut,256,1,sqa-opt,optimal,15,150,6.0718,1.0,-10416.088822287973,1.0,1.0,185.11962482333183
sk,64,27,sqa-std,standard,15,150,4.9209,1.0,-1719.2938989257605,0.6667,5,27.54245598614216
sk,64,27,sqa-opt,optimal,15,150,4.9209,1.0,-1719.2938989257605,0.9333,2,32.04051001369953
sk,256,23,sqa-std,standard,15,150,4.9668,1.0,-14863.619128034707,0.2,21,142.0256451666355
sk,256,23,sqa-opt,optimal,15,150,4.9668,1.0,-14961.235857406906,1.0,1.0,177.93008825927973
ea3d,125,19,sqa-std,standard,15,150,4.8981,1.0,-1002.6556781548508,0.4,10,60.08480601012707
ea3d,125,19,sqa-opt,optimal,15,150,4.8981,1.0,-1002.6556781548508,0.8667,3,87.78733161836863
w3reg,64,15,sqa-std,standard,15,150,5.8487,1.0,-432.406052633195,0.6,6,27.679575599730015
w3reg,64,15,sqa-opt,optimal,15,150,5.8487,1.0,-432.406052633195,1.0,1.0,35.21524450182915
w3reg,256,11,sqa-std,standard,15,150,6.0693,1.0,-1822.509219767522,0.4667,8,145.59537106752396
w3reg,256,11,sqa-opt,optimal,15,150,6.0693,1.0,-1862.8680853008566,0.8667,3,244.9524768665433
numpart,28,7,sqa-std,standard,15,150,5.0,1.0,2.7110713674005638e-09,0.0667,67,11.422259345650673
numpart,28,7,sqa-opt,optimal,15,150,5.0,1.0,5.5274007593197894e-11,0.0667,67,12.982917957007885
wmaxcut,64,6,sqa-std,standard,15,150,5.9889,1.0,-1226.658962013201,0.8,3,27.683379970490932
wmaxcut,64,6,sqa-opt,optimal,15,150,5.9889,1.0,-1226.658962013201,1.0,1.0,33.26300460100174
wmaxcut,256,2,sqa-std,standard,15,150,6.0952,1.0,-10170.832589939859,0.4667,8,139.46696759015322
wmaxcut,256,2,sqa-opt,optimal,15,150,6.0952,1.0,-10295.175074364957,1.0,1.0,189.25671047717333
sk,64,28,sqa-std,standard,15,150,5.1093,1.0,-1859.018581643649,0.4667,8,27.43454796075821
sk,64,28,sqa-opt,optimal,15,150,5.1093,1.0,-1859.018581643649,1.0,1.0,31.55455483496189
sk,256,24,sqa-std,standard,15,150,5.0113,1.0,-14991.806710699404,0.2,21,141.87222798913717
sk,256,24,sqa-opt,optimal,15,150,5.0113,1.0,-15129.49427044462,1.0,1.0,176.5402046442032
ea3d,125,20,sqa-std,standard,15,150,5.3433,1.0,-1105.0844510982597,0.1333,33,60.93455467373133
ea3d,125,20,sqa-opt,optimal,15,150,5.3433,1.0,-1105.970745972536,1.0,1.0,85.74058354645967
w3reg,64,16,sqa-std,standard,15,150,5.9734,1.0,-445.2287098529936,0.7333,4,27.610837504267693
w3reg,64,16,sqa-opt,optimal,15,150,5.9734,1.0,-445.2287098529936,1.0,1.0,35.163962714374065
w3reg,256,12,sqa-std,standard,15,150,6.1418,1.0,-1845.1765939539494,0.4667,8,143.68125779926777
w3reg,256,12,sqa-opt,optimal,15,150,6.1418,1.0,-1877.801421336275,0.8667,3,240.37296379357576
numpart,28,8,sqa-std,standard,15,150,5.0,1.0,5.885463533195079e-09,0.0667,67,10.576784752309322
numpart,28,8,sqa-opt,optimal,15,150,5.0,1.0,8.472714196905429e-11,0.1333,33,12.594030745327473
wmaxcut,64,7,sqa-std,standard,15,150,5.9496,1.0,-1272.717674216342,0.6667,5,27.478429548442364
wmaxcut,64,7,sqa-opt,optimal,15,150,5.9496,1.0,-1272.717674216342,1.0,1.0,32.617540553212166
wmaxcut,256,3,sqa-std,standard,15,150,6.0847,1.0,-10078.723249329434,0.2,21,141.10028230398893
wmaxcut,256,3,sqa-opt,optimal,15,150,6.0847,1.0,-10301.699783637485,1.0,1.0,190.03734417259693
sk,64,29,sqa-std,standard,15,150,5.0263,1.0,-1879.9870237608789,0.8667,3,27.75243102759123
sk,64,29,sqa-opt,optimal,15,150,5.0263,1.0,-1879.9870237608789,1.0,1.0,31.93055647611618
sk,256,25,sqa-std,standard,15,150,4.9954,1.0,-15285.602772789425,0.2,21,142.0421041250229
sk,256,25,sqa-opt,optimal,15,150,4.9954,1.0,-15367.383714501437,1.0,1.0,180.55793613940477
ea3d,125,21,sqa-std,standard,15,150,5.2375,1.0,-1117.4726035275744,0.2667,15,63.67414478957653
ea3d,125,21,sqa-opt,optimal,15,150,5.2375,1.0,-1117.4726035275744,1.0,1.0,88.20736867934465
w3reg,64,17,sqa-std,standard,15,150,5.8217,1.0,-434.1563028851909,0.8,3,28.015012688934803
w3reg,64,17,sqa-opt,optimal,15,150,5.8217,1.0,-436.13164098806016,0.8667,3,35.3441192433238
w3reg,256,13,sqa-std,standard,15,150,6.0843,1.0,-1842.0931653872904,0.2667,15,144.41721281409264
w3reg,256,13,sqa-opt,optimal,15,150,6.0843,1.0,-1884.7882267545456,0.9333,2,240.76328825205564
numpart,28,9,sqa-std,standard,15,150,5.0,1.0,1.0765557334480036e-09,0.1333,33,11.114686004817486
numpart,28,9,sqa-opt,optimal,15,150,5.0,1.0,6.889502301987704e-10,0.0667,67,12.75059063732624
wmaxcut,64,8,sqa-std,standard,15,150,6.0185,1.0,-1319.8259885109164,1.0,1.0,27.78246682882309
wmaxcut,64,8,sqa-opt,optimal,15,150,6.0185,1.0,-1319.8259885109164,1.0,1.0,33.34431479126215
wmaxcut,256,4,sqa-std,standard,15,150,6.0794,1.0,-10413.356703417618,0.1333,33,142.75874385982752
wmaxcut,256,4,sqa-opt,optimal,15,150,6.0794,1.0,-10468.530991818881,1.0,1.0,193.46430517733097
sk,128,0,sqa-std,standard,15,150,4.9477,1.0,-5225.371264686822,0.1333,33,60.29703802615404
sk,128,0,sqa-opt,optimal,15,150,4.9477,1.0,-5225.371264686822,1.0,1.0,73.94503752887249
sk,256,26,sqa-std,standard,15,150,5.0042,1.0,-15216.90130669976,0.2,21,141.73514754325151
sk,256,26,sqa-opt,optimal,15,150,5.0042,1.0,-15294.458087949237,1.0,1.0,173.66639263927937
ea3d,125,22,sqa-std,standard,15,150,5.0492,1.0,-1083.461897891952,0.2667,15,58.721132196485996
ea3d,125,22,sqa-opt,optimal,15,150,5.0492,1.0,-1083.461897891952,1.0,1.0,89.46493158489466
w3reg,64,18,sqa-std,standard,15,150,5.7068,1.0,-411.65645287613023,0.2667,15,28.75175280869007
w3reg,64,18,sqa-opt,optimal,15,150,5.7068,1.0,-411.65645287613023,1.0,1.0,36.28908113390207
w3reg,256,14,sqa-std,standard,15,150,6.133,1.0,-1863.0389580213953,0.1333,33,144.74678935855627
w3reg,256,14,sqa-opt,optimal,15,150,6.133,1.0,-1877.656971355051,0.7333,4,236.42396166175604
numpart,28,10,sqa-std,standard,15,150,5.0,1.0,7.02371494298859e-11,0.0667,67,9.48197827488184
numpart,28,10,sqa-opt,optimal,15,150,5.0,1.0,6.325127088757654e-10,0.0667,67,10.475155241787434
wmaxcut,64,9,sqa-std,standard,15,150,6.2157,1.0,-1334.5232504777343,0.8,3,27.648148834705353
wmaxcut,64,9,sqa-opt,optimal,15,150,6.2157,1.0,-1334.5232504777343,1.0,1.0,32.5872615352273
wmaxcut,256,5,sqa-std,standard,15,150,6.067,1.0,-10402.103388153444,0.2667,15,140.91740538924932
wmaxcut,256,5,sqa-opt,optimal,15,150,6.067,1.0,-10413.6484515153,1.0,1.0,190.9718265682459
sk,128,1,sqa-std,standard,15,150,4.9791,1.0,-5100.824759395118,0.1333,33,60.87199427187443
sk,128,1,sqa-opt,optimal,15,150,4.9791,1.0,-5100.824759395118,1.0,1.0,73.6600970029831
sk,256,27,sqa-std,standard,15,150,5.0005,1.0,-15328.844465109249,0.2,21,142.205211289227
sk,256,27,sqa-opt,optimal,15,150,5.0005,1.0,-15450.52003598352,1.0,1.0,176.65050700306892
ea3d,125,23,sqa-std,standard,15,150,4.8037,1.0,-1001.3988251799846,0.6,6,58.911482982337475
ea3d,125,23,sqa-opt,optimal,15,150,4.8037,1.0,-1001.3988251799846,1.0,1.0,89.91278263181448
w3reg,64,19,sqa-std,standard,15,150,6.2541,1.0,-487.0894050438016,0.8,3,28.868946060538292
w3reg,64,19,sqa-opt,optimal,15,150,6.2541,1.0,-487.0894050438016,1.0,1.0,36.43138165771961
w3reg,256,15,sqa-std,standard,15,150,5.9894,1.0,-1817.138540463888,0.2,21,146.46923402696848
w3reg,256,15,sqa-opt,optimal,15,150,5.9894,1.0,-1833.6966462971832,1.0,1.0,233.07974132150412
numpart,28,11,sqa-std,standard,15,150,5.0,1.0,2.6948443476726425e-11,0.0667,67,9.644994638860226
numpart,28,11,sqa-opt,optimal,15,150,5.0,1.0,1.3215359917495562e-09,0.1333,33,10.785177357494831
wmaxcut,64,10,sqa-std,standard,15,150,6.0047,1.0,-1284.674066191568,0.4667,8,27.77268724888563
wmaxcut,64,10,sqa-opt,optimal,15,150,6.0047,1.0,-1284.674066191568,1.0,1.0,33.08737798780203
wmaxcut,256,6,sqa-std,standard,15,150,6.0654,1.0,-10322.624448348475,0.2,21,140.91061313450336
wmaxcut,256,6,sqa-opt,optimal,15,150,6.0654,1.0,-10389.270707696714,1.0,1.0,190.05731043964624
sk,128,2,sqa-std,standard,15,150,4.9871,1.0,-5267.2360195173615,0.1333,33,60.20508426427841
sk,128,2,sqa-opt,optimal,15,150,4.9871,1.0,-5267.2360195173615,1.0,1.0,72.89590123295784
sk,256,28,sqa-std,standard,15,150,5.0159,1.0,-15043.498776053928,0.0667,67,140.2839279398322
sk,256,28,sqa-opt,optimal,15,150,5.0159,1.0,-15101.589901000303,1.0,1.0,176.05028265714645
ea3d,125,24,sqa-std,standard,15,150,5.0472,1.0,-1078.3227228031742,0.2,21,59.66667275875807
ea3d,125,24,sqa-opt,optimal,15,150,5.0472,1.0,-1078.3227228031742,1.0,1.0,83.20572178810835
w3reg,64,20,sqa-std,standard,15,150,5.881,1.0,-437.8594189805156,0.6667,5,28.050626941025257
w3reg,64,20,sqa-opt,optimal,15,150,5.881,1.0,-437.8594189805156,1.0,1.0,35.47362209111452
w3reg,256,16,sqa-std,standard,15,150,6.0335,1.0,-1828.8072235490608,0.1333,33,143.33583763241768
w3reg,256,16,sqa-opt,optimal,15,150,6.0335,1.0,-1844.88789292889,0.6,6,230.85562323778868
numpart,28,12,sqa-std,standard,15,150,5.0,1.0,1.7366239557503604e-09,0.0667,67,10.13975364714861
numpart,28,12,sqa-opt,optimal,15,150,5.0,1.0,7.732703366514215e-12,0.0667,67,11.599399402737617
wmaxcut,64,11,sqa-std,standard,15,150,6.097,1.0,-1327.8742820812186,0.9333,2,27.64258325845003
wmaxcut,64,11,sqa-opt,optimal,15,150,6.097,1.0,-1327.8742820812186,1.0,1.0,32.60990818589926
wmaxcut,256,7,sqa-std,standard,15,150,6.0989,1.0,-10105.355883095583,0.5333,7,141.71433164924383
wmaxcut,256,7,sqa-opt,optimal,15,150,6.0989,1.0,-10303.185887352296,1.0,1.0,189.59733183681965
sk,128,3,sqa-std,standard,15,150,4.9673,1.0,-5223.271872614053,0.4,10,59.958889193832874
sk,128,3,sqa-opt,optimal,15,150,4.9673,1.0,-5223.271872614053,1.0,1.0,72.57929886132479
sk,256,29,sqa-std,standard,15,150,4.984,1.0,-15265.13880124346,0.2667,15,141.35849675536156
sk,256,29,sqa-opt,optimal,15,150,4.984,1.0,-15368.770719213344,1.0,1.0,179.04988890886307
ea3d,125,25,sqa-std,standard,15,150,5.2218,1.0,-1075.6108987387342,0.4667,8,60.64235996454954
ea3d,125,25,sqa-opt,optimal,15,150,5.2218,1.0,-1079.1782790522475,0.6667,5,86.57824639976025
w3reg,64,21,sqa-std,standard,15,150,6.032,1.0,-443.40324736057414,0.4667,8,28.78721582144499
w3reg,64,21,sqa-opt,optimal,15,150,6.032,1.0,-443.40324736057414,1.0,1.0,36.66715883463621
w3reg,256,17,sqa-std,standard,15,150,5.8613,1.0,-1755.4043876959045,0.2,21,144.46337614953518
w3reg,256,17,sqa-opt,optimal,15,150,5.8613,1.0,-1768.2098058284532,0.4,10,225.798383153975
numpart,28,13,sqa-std,standard,15,150,5.0,1.0,5.289084725745852e-10,0.0667,67,10.010095119476318
numpart,28,13,sqa-opt,optimal,15,150,5.0,1.0,7.901466148041436e-10,0.0667,67,11.22234595566988
wmaxcut,64,12,sqa-std,standard,15,150,6.0111,1.0,-1256.173590943113,0.6667,5,27.64864718168974
wmaxcut,64,12,sqa-opt,optimal,15,150,6.0111,1.0,-1256.173590943113,1.0,1.0,33.233908735215664
wmaxcut,256,8,sqa-std,standard,15,150,6.0308,1.0,-10239.939584263086,0.3333,12,141.21193581074476
wmaxcut,256,8,sqa-opt,optimal,15,150,6.0308,1.0,-10330.671413101672,1.0,1.0,194.04266952723265
sk,128,4,sqa-std,standard,15,150,4.9871,1.0,-5298.418967394988,0.2667,15,61.24022822082043
sk,128,4,sqa-opt,optimal,15,150,4.9871,1.0,-5298.418967394988,1.0,1.0,74.69660560786724
ea3d,64,0,sqa-std,standard,15,150,4.7805,1.0,-510.60068449643126,0.5333,7,28.258948877453804
ea3d,64,0,sqa-opt,optimal,15,150,4.7805,1.0,-510.60068449643126,0.9333,2,35.65352800488472
ea3d,125,26,sqa-std,standard,15,150,5.0557,1.0,-1054.6563514485408,0.3333,12,59.62862663716078
ea3d,125,26,sqa-opt,optimal,15,150,5.0557,1.0,-1054.6563514485408,1.0,1.0,86.96070360392332
w3reg,64,22,sqa-std,standard,15,150,6.2149,1.0,-470.7891031211666,0.5333,7,28.569769091904163
w3reg,64,22,sqa-opt,optimal,15,150,6.2149,1.0,-470.7891031211666,0.9333,2,35.601631954312325
w3reg,256,18,sqa-std,standard,15,150,6.2036,1.0,-1876.9270565313777,0.2,21,146.43628145754337
w3reg,256,18,sqa-opt,optimal,15,150,6.2036,1.0,-1896.2440636034225,1.0,1.0,254.17494260519743
numpart,28,14,sqa-std,standard,15,150,5.0,1.0,1.9736585699092757e-09,0.0667,67,11.777230679988861
numpart,28,14,sqa-opt,optimal,15,150,5.0,1.0,3.346212196220222e-10,0.0667,67,13.762336626648903
wmaxcut,64,13,sqa-std,standard,15,150,6.1681,1.0,-1292.475805399108,0.9333,2,27.622208178043365
wmaxcut,64,13,sqa-opt,optimal,15,150,6.1681,1.0,-1292.475805399108,1.0,1.0,32.57069845497608
wmaxcut,256,9,sqa-std,standard,15,150,6.0678,1.0,-10337.14106105497,0.2667,15,141.10678781569004
wmaxcut,256,9,sqa-opt,optimal,15,150,6.0678,1.0,-10456.643761810677,1.0,1.0,189.91755483299494
sk,128,5,sqa-std,standard,15,150,5.0143,1.0,-5226.312097928589,0.4667,8,61.00255619734526
sk,128,5,sqa-opt,optimal,15,150,5.0143,1.0,-5240.405004816752,1.0,1.0,73.52714598923922
ea3d,64,1,sqa-std,standard,15,150,5.1809,1.0,-553.971460576511,0.7333,4,27.639704637229443
ea3d,64,1,sqa-opt,optimal,15,150,5.1809,1.0,-553.971460576511,1.0,1.0,34.0505114197731
ea3d,125,27,sqa-std,standard,15,150,4.9808,1.0,-1065.369446349779,0.4,10,59.63575855642557
ea3d,125,27,sqa-opt,optimal,15,150,4.9808,1.0,-1065.369446349779,1.0,1.0,87.10216860473156
w3reg,64,23,sqa-std,standard,15,150,6.2982,1.0,-447.9365652850808,0.8667,3,28.01173075288534
w3reg,64,23,sqa-opt,optimal,15,150,6.2982,1.0,-447.9365652850808,0.9333,2,35.28301037847996
w3reg,256,19,sqa-std,standard,15,150,5.9096,1.0,-1781.3991909328086,0.1333,33,145.27200799435377
w3reg,256,19,sqa-opt,optimal,15,150,5.9096,1.0,-1794.6609446650086,0.6,6,253.00816369056702
numpart,28,15,sqa-std,standard,15,150,5.0,1.0,2.4300863543658124e-09,0.0667,67,11.81192471832037
numpart,28,15,sqa-opt,optimal,15,150,5.0,1.0,8.748646251888204e-10,0.0667,67,14.58277352899313
wmaxcut,64,14,sqa-std,standard,15,150,6.0996,1.0,-1314.3914939081008,0.9333,2,27.642175942659378
wmaxcut,64,14,sqa-opt,optimal,15,150,6.0996,1.0,-1314.3914939081008,1.0,1.0,33.17249555140734
wmaxcut,256,10,sqa-std,standard,15,150,6.0642,1.0,-10383.07488021252,0.3333,12,140.96714993566275
wmaxcut,256,10,sqa-opt,optimal,15,150,6.0642,1.0,-10475.50619130161,1.0,1.0,186.71375332772732
sk,128,6,sqa-std,standard,15,150,5.0106,1.0,-5331.964107715278,0.1333,33,60.902173809707165
sk,128,6,sqa-opt,optimal,15,150,5.0106,1.0,-5331.964107715278,1.0,1.0,73.97080026566982
ea3d,64,2,sqa-std,standard,15,150,4.8245,1.0,-511.57654350296485,0.4,10,27.97933604568243
ea3d,64,2,sqa-opt,optimal,15,150,4.8245,1.0,-511.57654350296485,1.0,1.0,36.06232729554176
ea3d,125,28,sqa-std,standard,15,150,4.7511,1.0,-1010.6242278331339,0.5333,7,61.627997271716595
ea3d,125,28,sqa-opt,optimal,15,150,4.7511,1.0,-1010.6242278331339,1.0,1.0,89.36391374468803
w3reg,64,24,sqa-std,standard,15,150,5.8579,1.0,-447.2951130848868,1.0,1.0,28.5408763512969
w3reg,64,24,sqa-opt,optimal,15,150,5.8579,1.0,-447.2951130848868,1.0,1.0,36.720888055860996
w3reg,256,20,sqa-std,standard,15,150,6.2051,1.0,-1871.5693586103264,0.2,21,148.09843610972166
w3reg,256,20,sqa-opt,optimal,15,150,6.2051,1.0,-1894.5617608052812,0.7333,4,255.54738748818636
numpart,28,16,sqa-std,standard,15,150,5.0,1.0,5.646452061469631e-08,0.0667,67,11.772244855761528
numpart,28,16,sqa-opt,optimal,15,150,5.0,1.0,3.863576125695545e-14,0.0667,67,13.759237006306648
wmaxcut,64,15,sqa-std,standard,15,150,6.1223,1.0,-1302.7366892306222,0.6667,5,27.67276870459318
wmaxcut,64,15,sqa-opt,optimal,15,150,6.1223,1.0,-1302.7366892306222,1.0,1.0,32.98477876931429
wmaxcut,256,11,sqa-std,standard,15,150,6.0863,1.0,-10358.142074971096,0.2667,15,140.72795288264751
wmaxcut,256,11,sqa-opt,optimal,15,150,6.0863,1.0,-10440.741733582912,1.0,1.0,189.08785231411457
sk,128,7,sqa-std,standard,15,150,5.0327,1.0,-5417.712867027278,0.2667,15,60.3479430899024
sk,128,7,sqa-opt,optimal,15,150,5.0327,1.0,-5417.712867027278,1.0,1.0,73.69196750223637
ea3d,64,3,sqa-std,standard,15,150,5.1849,1.0,-573.5161752681216,0.7333,4,27.778391979634762
ea3d,64,3,sqa-opt,optimal,15,150,5.1849,1.0,-573.5161752681216,1.0,1.0,35.26182060688734
ea3d,125,29,sqa-std,standard,15,150,4.954,1.0,-1034.470680478378,0.0667,67,59.41323481500149
ea3d,125,29,sqa-opt,optimal,15,150,4.954,1.0,-1034.470680478378,0.2,21,86.29787531495094
w3reg,64,25,sqa-std,standard,15,150,5.9941,1.0,-453.0747766470976,0.6667,5,28.6321322619915
w3reg,64,25,sqa-opt,optimal,15,150,5.9941,1.0,-453.0747766470976,1.0,1.0,35.500494465231895
w3reg,256,21,sqa-std,standard,15,150,6.2189,1.0,-1886.5178038350007,0.2,21,146.28556486964226
w3reg,256,21,sqa-opt,optimal,15,150,6.2189,1.0,-1932.9841295981703,0.5333,7,258.1296795234084
numpart,28,17,sqa-std,standard,15,150,5.0,1.0,1.9796901895574592e-09,0.0667,67,11.877269603312016
numpart,28,17,sqa-opt,optimal,15,150,5.0,1.0,3.0877522760874854e-11,0.2,21,13.572189792990685
wmaxcut,64,16,sqa-std,standard,15,150,5.9628,1.0,-1224.1020503918116,0.8667,3,27.54820416122675
wmaxcut,64,16,sqa-opt,optimal,15,150,5.9628,1.0,-1224.1020503918116,1.0,1.0,33.16101038455963
wmaxcut,256,12,sqa-std,standard,15,150,6.0869,1.0,-10291.909725236284,0.0667,67,140.9358782619238
wmaxcut,256,12,sqa-opt,optimal,15,150,6.0869,1.0,-10377.246894343985,1.0,1.0,191.60705698281527
sk,128,8,sqa-std,standard,15,150,4.9852,1.0,-5249.946226594711,0.6,6,60.401109129190445
sk,128,8,sqa-opt,optimal,15,150,4.9852,1.0,-5249.946226594711,1.0,1.0,73.7570646032691
ea3d,64,4,sqa-std,standard,15,150,4.7974,1.0,-504.6808024531046,0.8667,3,27.507971435785294
ea3d,64,4,sqa-opt,optimal,15,150,4.7974,1.0,-504.6808024531046,1.0,1.0,35.43741097301245
ea3d,216,0,sqa-std,standard,15,150,4.9836,1.0,-1875.4521088435765,0.0667,67,117.05505765229464
ea3d,216,0,sqa-opt,optimal,15,150,4.9836,1.0,-1877.1308220233743,0.2,21,189.32514292001724
w3reg,64,26,sqa-std,standard,15,150,6.0719,1.0,-470.49925148503655,0.5333,7,27.934482850134373
w3reg,64,26,sqa-opt,optimal,15,150,6.0719,1.0,-470.49925148503655,0.9333,2,36.198219299316406
w3reg,256,22,sqa-std,standard,15,150,5.9393,1.0,-1821.0977032626224,0.1333,33,148.80063520371914
w3reg,256,22,sqa-opt,optimal,15,150,5.9393,1.0,-1828.5263912678347,1.0,1.0,252.5501062348485
numpart,28,18,sqa-std,standard,15,150,5.0,1.0,1.8731283191186776e-10,0.0667,67,11.111449532210827
numpart,28,18,sqa-opt,optimal,15,150,5.0,1.0,1.8737689178038863e-10,0.0667,67,13.040640473365784
wmaxcut,64,17,sqa-std,standard,15,150,6.1052,1.0,-1276.3553109102309,0.3333,12,27.690902911126614
wmaxcut,64,17,sqa-opt,optimal,15,150,6.1052,1.0,-1276.3553109102309,0.9333,2,32.552705593407154
wmaxcut,256,13,sqa-std,standard,15,150,6.1096,1.0,-10342.342903383642,0.2,21,140.8509741127491
wmaxcut,256,13,sqa-opt,optimal,15,150,6.1096,1.0,-10495.882656279739,1.0,1.0,191.2091937288642
sk,128,9,sqa-std,standard,15,150,4.9855,1.0,-5252.80075709248,0.1333,33,60.20799273252487
sk,128,9,sqa-opt,optimal,15,150,4.9855,1.0,-5252.80075709248,1.0,1.0,72.46209866553545
ea3d,64,5,sqa-std,standard,15,150,5.1624,1.0,-565.6138952419051,0.5333,7,27.497455425560474
ea3d,64,5,sqa-opt,optimal,15,150,5.1624,1.0,-565.6138952419051,0.9333,2,33.980219438672066
ea3d,216,1,sqa-std,standard,15,150,5.1443,1.0,-1830.0360284516505,0.2667,15,114.78350189328194
ea3d,216,1,sqa-opt,optimal,15,150,5.1443,1.0,-1853.6076040797261,0.8,3,190.26306061446667
w3reg,64,27,sqa-std,standard,15,150,6.09,1.0,-461.6114584814786,0.5333,7,27.843013793230057
w3reg,64,27,sqa-opt,optimal,15,150,6.09,1.0,-461.6114584814786,0.6667,5,35.05799224972725
w3reg,256,23,sqa-std,standard,15,150,5.8142,1.0,-1746.5426629021013,0.3333,12,145.54971743375063
w3reg,256,23,sqa-opt,optimal,15,150,5.8142,1.0,-1768.21587524493,0.8,3,238.70786583423615
numpart,28,19,sqa-std,standard,15,150,5.0,1.0,8.378560067967555e-10,0.0667,67,11.25164357572794
numpart,28,19,sqa-opt,optimal,15,150,5.0,1.0,8.378147065002395e-10,0.0667,67,13.169758155941963
wmaxcut,64,18,sqa-std,standard,15,150,6.0329,1.0,-1419.3472978828838,1.0,1.0,27.477783277630806
wmaxcut,64,18,sqa-opt,optimal,15,150,6.0329,1.0,-1419.3472978828838,1.0,1.0,32.839587576687336
wmaxcut,256,14,sqa-std,standard,15,150,6.0763,1.0,-10246.05314460355,0.1333,33,141.5610224455595
wmaxcut,256,14,sqa-opt,optimal,15,150,6.0763,1.0,-10380.900955562614,1.0,1.0,191.4040554240346
sk,128,10,sqa-std,standard,15,150,5.0309,1.0,-5237.106207196873,0.2667,15,60.34841064363718
sk,128,10,sqa-opt,optimal,15,150,5.0309,1.0,-5237.106207196873,1.0,1.0,73.66714868694544
ea3d,64,6,sqa-std,standard,15,150,4.9747,1.0,-527.2497779366824,0.6667,5,27.79886317998171
ea3d,64,6,sqa-opt,optimal,15,150,4.9747,1.0,-524.3016443197184,0.2,21,35.72624305635691
ea3d,216,2,sqa-std,standard,15,150,4.8717,1.0,-1765.0317320286892,0.4667,8,116.97467494010925
ea3d,216,2,sqa-opt,optimal,15,150,4.8717,1.0,-1777.718928468454,1.0,1.0,197.72666700929403
w3reg,64,28,sqa-std,standard,15,150,6.1848,1.0,-463.27083138599255,0.4667,8,27.829213820397854
w3reg,64,28,sqa-opt,optimal,15,150,6.1848,1.0,-463.27083138599255,0.8667,3,35.74778626859188
w3reg,256,24,sqa-std,standard,15,150,6.0966,1.0,-1877.177894212926,0.0667,67,146.97969660907984
w3reg,256,24,sqa-opt,optimal,15,150,6.0966,1.0,-1884.1676770274041,0.8,3,246.83817126601934
numpart,28,20,sqa-std,standard,15,150,5.0,1.0,3.018932659415441e-09,0.0667,67,11.13065641373396
numpart,28,20,sqa-opt,optimal,15,150,5.0,1.0,5.241105327513651e-10,0.0667,67,12.786059014499187
wmaxcut,64,19,sqa-std,standard,15,150,6.0839,1.0,-1264.8057099006955,0.8667,3,27.478395864367485
wmaxcut,64,19,sqa-opt,optimal,15,150,6.0839,1.0,-1264.8057099006955,1.0,1.0,32.597703486680984
wmaxcut,256,15,sqa-std,standard,15,150,6.0549,1.0,-10248.325678235711,0.2667,15,141.59566538780928
wmaxcut,256,15,sqa-opt,optimal,15,150,6.0549,1.0,-10316.265004927385,1.0,1.0,183.86615473777056
sk,128,11,sqa-std,standard,15,150,4.9797,1.0,-5228.578058034142,0.3333,12,60.28038872778416
sk,128,11,sqa-opt,optimal,15,150,4.9797,1.0,-5228.578058034142,1.0,1.0,71.62096773833036
ea3d,64,7,sqa-std,standard,15,150,4.9988,1.0,-529.4192852513893,0.8,3,27.689919106662273
ea3d,64,7,sqa-opt,optimal,15,150,4.9988,1.0,-529.4192852513893,1.0,1.0,34.02038202434778
ea3d,216,3,sqa-std,standard,15,150,4.7989,1.0,-1727.503527554109,0.0667,67,116.47745454311371
ea3d,216,3,sqa-opt,optimal,15,150,4.7989,1.0,-1735.5455073428952,0.5333,7,198.04437459260225
w3reg,64,29,sqa-std,standard,15,150,6.1953,1.0,-472.79214017216475,0.4,10,27.53279147297144
w3reg,64,29,sqa-opt,optimal,15,150,6.1953,1.0,-472.79214017216475,0.9333,2,34.32900298386812
w3reg,256,25,sqa-std,standard,15,150,5.9669,1.0,-1786.9814166257586,0.4,10,145.22045119851828
w3reg,256,25,sqa-opt,optimal,15,150,5.9669,1.0,-1823.6230481958048,0.2,21,247.21240247786045
numpart,28,21,sqa-std,standard,15,150,5.0,1.0,3.9196201839786227e-10,0.0667,67,11.703722678124905
numpart,28,21,sqa-opt,optimal,15,150,5.0,1.0,6.47879971893417e-10,0.1333,33,13.452596329152584
wmaxcut,64,20,sqa-std,standard,15,150,6.0864,1.0,-1245.3173400933044,0.9333,2,27.94930500537157
wmaxcut,64,20,sqa-opt,optimal,15,150,6.0864,1.0,-1245.3173400933044,1.0,1.0,33.64377262443304
wmaxcut,256,16,sqa-std,standard,15,150,6.0823,1.0,-10400.951937338747,0.0667,67,140.56851482391357
wmaxcut,256,16,sqa-opt,optimal,15,150,6.0823,1.0,-10441.256900528371,1.0,1.0,190.66928067803383
sk,128,12,sqa-std,standard,15,150,5.006,1.0,-5189.296373406787,0.4,10,60.08007848262787
sk,128,12,sqa-opt,optimal,15,150,5.006,1.0,-5189.296373406787,1.0,1.0,74.30667401105165
ea3d,64,8,sqa-std,standard,15,150,4.4535,1.0,-467.041356699479,0.6,6,27.593597777187824
ea3d,64,8,sqa-opt,optimal,15,150,4.4535,1.0,-467.041356699479,1.0,1.0,35.0826041251421
ea3d,216,4,sqa-std,standard,15,150,5.2185,1.0,-1918.61156814244,0.0667,67,116.1931319013238
ea3d,216,4,sqa-opt,optimal,15,150,5.2185,1.0,-1918.7446554463188,1.0,1.0,192.0643299818039
w3reg,128,0,sqa-std,standard,15,150,6.1501,1.0,-930.4227218371935,0.1333,33,61.662585988640785
w3reg,128,0,sqa-opt,optimal,15,150,6.1501,1.0,-930.4227218371935,0.7333,4,93.60985267907381
w3reg,256,26,sqa-std,standard,15,150,6.0959,1.0,-1855.8117840879313,0.1333,33,145.72364001721144
w3reg,256,26,sqa-opt,optimal,15,150,6.0959,1.0,-1866.1491008196217,0.8667,3,242.11924197524786
numpart,28,22,sqa-std,standard,15,150,5.0,1.0,8.802230000437561e-09,0.0667,67,10.082327090203762
numpart,28,22,sqa-opt,optimal,15,150,5.0,1.0,3.442529594721577e-11,0.0667,67,10.682825095951557
wmaxcut,64,21,sqa-std,standard,15,150,6.0722,1.0,-1269.599960403616,0.7333,4,27.615084022283554
wmaxcut,64,21,sqa-opt,optimal,15,150,6.0722,1.0,-1269.599960403616,1.0,1.0,33.36787374317646
wmaxcut,256,17,sqa-std,standard,15,150,6.0815,1.0,-10280.248409438955,0.4667,8,141.5093324035406
wmaxcut,256,17,sqa-opt,optimal,15,150,6.0815,1.0,-10448.024631576738,1.0,1.0,190.4645521119237
sk,128,13,sqa-std,standard,15,150,4.935,1.0,-5134.164736860286,0.2667,15,60.07517824321985
sk,128,13,sqa-opt,optimal,15,150,4.935,1.0,-5189.4160318641825,1.0,1.0,73.33275210112333
ea3d,64,9,sqa-std,standard,15,150,4.6595,1.0,-498.8146816292616,0.8667,3,27.589222386479378
ea3d,64,9,sqa-opt,optimal,15,150,4.6595,1.0,-498.8146816292616,1.0,1.0,35.23492617160082
ea3d,216,5,sqa-std,standard,15,150,4.9218,1.0,-1789.8863703050295,0.7333,4,113.2711353302002
ea3d,216,5,sqa-opt,optimal,15,150,4.9218,1.0,-1823.572617773805,1.0,1.0,193.54236145317554
w3reg,128,1,sqa-std,standard,15,150,5.9824,1.0,-908.420746743629,0.0667,67,60.78251051157713
w3reg,128,1,sqa-opt,optimal,15,150,5.9824,1.0,-915.925577408274,0.8,3,88.08993466198444
w3reg,256,27,sqa-std,standard,15,150,6.0786,1.0,-1793.0017481668926,0.4667,8,143.02007157355547
w3reg,256,27,sqa-opt,optimal,15,150,6.0786,1.0,-1834.0260090421784,0.4,10,230.80447904020548
numpart,28,23,sqa-std,standard,15,150,5.0,1.0,1.5690826415948322e-10,0.0667,67,10.012775346636772
numpart,28,23,sqa-opt,optimal,15,150,5.0,1.0,1.9214505542208826e-09,0.1333,33,11.574077866971493
wmaxcut,64,22,sqa-std,standard,15,150,6.1286,1.0,-1327.466869879103,1.0,1.0,27.78855060786009
wmaxcut,64,22,sqa-opt,optimal,15,150,6.1286,1.0,-1327.466869879103,1.0,1.0,33.119395181536674
wmaxcut,256,18,sqa-std,standard,15,150,6.0719,1.0,-10612.564030158388,0.2,21,143.92305740714073
wmaxcut,256,18,sqa-opt,optimal,15,150,6.0719,1.0,-10636.026273906802,1.0,1.0,191.72026851028204
sk,128,14,sqa-std,standard,15,150,4.9442,1.0,-5096.643238611514,0.4,10,60.43398470431566
sk,128,14,sqa-opt,optimal,15,150,4.9442,1.0,-5096.643238611514,1.0,1.0,73.55207715928555
ea3d,64,10,sqa-std,standard,15,150,5.1105,1.0,-531.4581426283373,0.5333,7,27.89428023248911
ea3d,64,10,sqa-opt,optimal,15,150,5.1105,1.0,-531.4581426283373,1.0,1.0,35.65559113025665
ea3d,216,6,sqa-std,standard,15,150,5.2982,1.0,-1977.5059751413721,0.1333,33,116.28640894591808
ea3d,216,6,sqa-opt,optimal,15,150,5.2982,1.0,-1979.4161803967284,1.0,1.0,191.74921076744795
w3reg,128,2,sqa-std,standard,15,150,6.4295,1.0,-984.0290493564902,0.2,21,62.32570768147707
w3reg,128,2,sqa-opt,optimal,15,150,6.4295,1.0,-984.0290493564902,1.0,1.0,91.6160469725728
w3reg,256,28,sqa-std,standard,15,150,5.9785,1.0,-1801.325092852069,0.3333,12,145.94018816947937
w3reg,256,28,sqa-opt,optimal,15,150,5.9785,1.0,-1817.7218460910228,0.8667,3,239.1110241562128
numpart,28,24,sqa-std,standard,15,150,5.0,1.0,1.0565095465153718e-09,0.0667,67,10.128920055925846
numpart,28,24,sqa-opt,optimal,15,150,5.0,1.0,7.860023742978228e-11,0.0667,67,10.860477350652218
wmaxcut,64,23,sqa-std,standard,15,150,5.9415,1.0,-1265.0499592376516,0.9333,2,27.51769767701626
wmaxcut,64,23,sqa-opt,optimal,15,150,5.9415,1.0,-1265.0499592376516,1.0,1.0,32.99558321386576
wmaxcut,256,19,sqa-std,standard,15,150,6.0666,1.0,-10330.942850415426,0.1333,33,142.16067735105753
wmaxcut,256,19,sqa-opt,optimal,15,150,6.0666,1.0,-10339.541611831557,1.0,1.0,195.3772433847189
sk,128,15,sqa-std,standard,15,150,5.0092,1.0,-5269.069747612408,0.2,21,60.73580978065729
sk,128,15,sqa-opt,optimal,15,150,5.0092,1.0,-5269.111722228996,1.0,1.0,74.26004222780466
ea3d,64,11,sqa-std,standard,15,150,4.9077,1.0,-525.6373912048422,0.5333,7,27.75801468640566
ea3d,64,11,sqa-opt,optimal,15,150,4.9077,1.0,-525.6373912048422,1.0,1.0,36.060201562941074
ea3d,216,7,sqa-std,standard,15,150,5.1261,1.0,-1882.6992513251578,0.2,21,116.86891452223063
ea3d,216,7,sqa-opt,optimal,15,150,5.1261,1.0,-1892.027808770136,0.7333,4,189.11431819945574
w3reg,128,3,sqa-std,standard,15,150,6.3149,1.0,-969.2596506062686,0.3333,12,62.16463068127632
w3reg,128,3,sqa-opt,optimal,15,150,6.3149,1.0,-969.2596506062686,1.0,1.0,86.82148599624634
w3reg,256,29,sqa-std,standard,15,150,6.1587,1.0,-1847.236309551356,0.4667,8,144.078432880342
w3reg,256,29,sqa-opt,optimal,15,150,6.1587,1.0,-1893.972134798721,0.2,21,235.0624471604824
numpart,28,25,sqa-std,standard,15,150,5.0,1.0,2.885514049921767e-10,0.0667,67,9.9885233938694
numpart,28,25,sqa-opt,optimal,15,150,5.0,1.0,3.207656362747002e-11,0.0667,67,11.345262564718723
wmaxcut,64,24,sqa-std,standard,15,150,6.0576,1.0,-1283.762532729874,0.8667,3,27.700009398162365
wmaxcut,64,24,sqa-opt,optimal,15,150,6.0576,1.0,-1283.762532729874,1.0,1.0,33.09069135040045
wmaxcut,256,20,sqa-std,standard,15,150,6.0915,1.0,-10654.747669989858,0.0667,67,142.50402931123972
wmaxcut,256,20,sqa-opt,optimal,15,150,6.0915,1.0,-10654.747669989858,1.0,1.0,189.72993624955416
sk,128,16,sqa-std,standard,15,150,5.0893,1.0,-5371.475566452746,0.2667,15,60.48001081496477
sk,128,16,sqa-opt,optimal,15,150,5.0893,1.0,-5371.475566452746,1.0,1.0,73.05947522819042
ea3d,64,12,sqa-std,standard,15,150,5.5054,1.0,-585.027645865514,0.5333,7,27.57908023893833
ea3d,64,12,sqa-opt,optimal,15,150,5.5054,1.0,-585.027645865514,1.0,1.0,34.9197054579854
ea3d,216,8,sqa-std,standard,15,150,5.1914,1.0,-1943.879984937064,0.2667,15,117.52848765999079
ea3d,216,8,sqa-opt,optimal,15,150,5.1914,1.0,-1946.12918277528,1.0,1.0,192.49378819018602
w3reg,128,4,sqa-std,standard,15,150,6.0553,1.0,-923.4611200809877,0.2,21,60.874850295484066
w3reg,128,4,sqa-opt,optimal,15,150,6.0553,1.0,-927.162307944709,0.9333,2,89.90475457906723
numpart,25,0,sqa-std,standard,15,150,5.0,1.0,9.86055681551079e-12,0.0667,67,10.59857665002346
numpart,25,0,sqa-opt,optimal,15,150,5.0,1.0,1.6534347224705925e-09,0.1333,33,12.265928812325
numpart,28,26,sqa-std,standard,15,150,5.0,1.0,1.3071668192310426e-09,0.0667,67,12.047285340726376
numpart,28,26,sqa-opt,optimal,15,150,5.0,1.0,3.7898395532920404e-10,0.1333,33,13.76607582718134
wmaxcut,64,25,sqa-std,standard,15,150,6.2631,1.0,-1281.1893064012731,0.4,10,27.602278135716915
wmaxcut,64,25,sqa-opt,optimal,15,150,6.2631,1.0,-1281.1893064012731,1.0,1.0,32.95173517614603
wmaxcut,256,21,sqa-std,standard,15,150,6.0856,1.0,-10512.084737639374,0.2,21,141.51625145971775
wmaxcut,256,21,sqa-opt,optimal,15,150,6.0856,1.0,-10515.174442723108,1.0,1.0,190.70227701961994
sk,128,17,sqa-std,standard,15,150,4.9938,1.0,-5337.3810118012925,0.1333,33,60.466605722904205
sk,128,17,sqa-opt,optimal,15,150,4.9938,1.0,-5337.3810118012925,1.0,1.0,73.36961348354816
ea3d,64,13,sqa-std,standard,15,150,5.0871,1.0,-524.2708967584535,0.3333,12,27.889186777174473
ea3d,64,13,sqa-opt,optimal,15,150,5.0871,1.0,-524.2708967584535,0.4667,8,34.872844353318214
ea3d,216,9,sqa-std,standard,15,150,4.9985,1.0,-1784.5482137374572,0.4667,8,114.98087252676487
ea3d,216,9,sqa-opt,optimal,15,150,4.9985,1.0,-1800.3130798988082,1.0,1.0,200.85988278687
w3reg,128,5,sqa-std,standard,15,150,6.0043,1.0,-906.246348639293,0.1333,33,60.93391460925341
w3reg,128,5,sqa-opt,optimal,15,150,6.0043,1.0,-906.246348639293,0.9333,2,87.35404556244612
numpart,25,1,sqa-std,standard,15,150,5.0,1.0,7.033537086087449e-10,0.0667,67,10.343098171055317
numpart,25,1,sqa-opt,optimal,15,150,5.0,1.0,1.800625981651649e-09,0.1333,33,12.084960110485554
numpart,28,27,sqa-std,standard,15,150,5.0,1.0,2.098777152070852e-09,0.0667,67,11.654294550418854
numpart,28,27,sqa-opt,optimal,15,150,5.0,1.0,3.283062710579543e-11,0.0667,67,13.738420888781548
wmaxcut,64,26,sqa-std,standard,15,150,6.2741,1.0,-1358.380614791356,0.9333,2,27.58492600172758
wmaxcut,64,26,sqa-opt,optimal,15,150,6.2741,1.0,-1358.380614791356,1.0,1.0,33.1905315220356
wmaxcut,256,22,sqa-std,standard,15,150,6.1012,1.0,-10528.942247953803,0.1333,33,140.10902705043554
wmaxcut,256,22,sqa-opt,optimal,15,150,6.1012,1.0,-10533.149410019623,1.0,1.0,189.93376068025827
sk,128,18,sqa-std,standard,15,150,5.0781,1.0,-5167.310802528909,0.1333,33,59.66647008806467
sk,128,18,sqa-opt,optimal,15,150,5.0781,1.0,-5212.451020893408,1.0,1.0,73.63834458589554
ea3d,64,14,sqa-std,standard,15,150,5.0303,1.0,-504.8128412868925,0.8,3,27.655104868113995
ea3d,64,14,sqa-opt,optimal,15,150,5.0303,1.0,-504.8128412868925,1.0,1.0,35.26524180918932
ea3d,216,10,sqa-std,standard,15,150,4.793,1.0,-1724.0481432271183,0.4,10,116.43715345859528
ea3d,216,10,sqa-opt,optimal,15,150,4.793,1.0,-1734.6298830782746,1.0,1.0,191.86496456712484
w3reg,128,6,sqa-std,standard,15,150,6.3432,1.0,-977.2738748174069,0.2667,15,62.302253022789955
w3reg,128,6,sqa-opt,optimal,15,150,6.3432,1.0,-977.2738748174069,1.0,1.0,88.70001582801342
numpart,25,2,sqa-std,standard,15,150,5.0,1.0,2.010366983995482e-09,0.0667,67,10.418905287981033
numpart,25,2,sqa-opt,optimal,15,150,5.0,1.0,2.0104451436964155e-09,0.0667,67,12.136826746165752
numpart,28,28,sqa-std,standard,15,150,5.0,1.0,6.59410304137964e-11,0.0667,67,11.64357877522707
numpart,28,28,sqa-opt,optimal,15,150,5.0,1.0,7.324807427266933e-12,0.0667,67,13.514234989881516
wmaxcut,64,27,sqa-std,standard,15,150,6.0438,1.0,-1236.395239431387,0.6667,5,27.81672765314579
wmaxcut,64,27,sqa-opt,optimal,15,150,6.0438,1.0,-1236.395239431387,1.0,1.0,32.590175464749336
wmaxcut,256,23,sqa-std,standard,15,150,6.0788,1.0,-10375.340965906447,0.1333,33,140.32644744217396
wmaxcut,256,23,sqa-opt,optimal,15,150,6.0788,1.0,-10389.865426339094,1.0,1.0,188.99963300675154
sk,128,19,sqa-std,standard,15,150,4.9915,1.0,-5458.3437283177855,0.1333,33,60.44603032618761
sk,128,19,sqa-opt,optimal,15,150,4.9915,1.0,-5475.284596257733,1.0,1.0,71.40616454184055
ea3d,64,15,sqa-std,standard,15,150,4.8418,1.0,-514.6008568647837,0.8,3,27.855463825166225
ea3d,64,15,sqa-opt,optimal,15,150,4.8418,1.0,-514.6008568647837,0.8,3,34.697105176746845
ea3d,216,11,sqa-std,standard,15,150,4.9458,1.0,-1792.2977673182884,0.1333,33,116.47509226202965
ea3d,216,11,sqa-opt,optimal,15,150,4.9458,1.0,-1802.477628084354,1.0,1.0,194.80734011530876
w3reg,128,7,sqa-std,standard,15,150,6.1192,1.0,-919.859629612686,0.4667,8,61.42290049046278
w3reg,128,7,sqa-opt,optimal,15,150,6.1192,1.0,-921.2453516385102,0.8667,3,89.76667504757643
numpart,25,3,sqa-std,standard,15,150,5.0,1.0,2.3082069589008825e-10,0.0667,67,10.94023371487856
numpart,25,3,sqa-opt,optimal,15,150,5.0,1.0,6.411138286921414e-10,0.0667,67,12.7263702750206
numpart,28,29,sqa-std,standard,15,150,5.0,1.0,1.0830731866917631e-09,0.0667,67,12.10866991430521
numpart,28,29,sqa-opt,optimal,15,150,5.0,1.0,5.759304144703492e-11,0.0667,67,13.891121968626976
wmaxcut,64,28,sqa-std,standard,15,150,6.0518,1.0,-1244.0036632417464,0.8667,3,28.00086100399494
wmaxcut,64,28,sqa-opt,optimal,15,150,6.0518,1.0,-1244.0036632417464,1.0,1.0,32.37127777189016
wmaxcut,256,24,sqa-std,standard,15,150,6.0931,1.0,-10166.873067419372,0.3333,12,143.61942144483328
wmaxcut,256,24,sqa-opt,optimal,15,150,6.0931,1.0,-10209.950835283189,1.0,1.0,186.55216085910797
sk,128,20,sqa-std,standard,15,150,4.9906,1.0,-5321.7074620789435,0.4667,8,62.01689279824495
sk,128,20,sqa-opt,optimal,15,150,4.9906,1.0,-5321.7074620789435,1.0,1.0,73.7115881294012
ea3d,64,16,sqa-std,standard,15,150,4.5486,1.0,-489.2049269000036,0.6,6,28.307094678282738
ea3d,64,16,sqa-opt,optimal,15,150,4.5486,1.0,-489.2049269000036,1.0,1.0,34.85161588340998
ea3d,216,12,sqa-std,standard,15,150,4.831,1.0,-1716.5791308796668,0.5333,7,118.97070544213057
ea3d,216,12,sqa-opt,optimal,15,150,4.831,1.0,-1735.3029968610133,0.9333,2,199.88128358870745
w3reg,128,8,sqa-std,standard,15,150,6.1805,1.0,-945.3588822030957,0.3333,12,61.697619557380676
w3reg,128,8,sqa-opt,optimal,15,150,6.1805,1.0,-949.5178691619327,1.0,1.0,86.98685148358345
numpart,25,4,sqa-std,standard,15,150,5.0,1.0,1.805348492922576e-08,0.0667,67,10.58407837152481
numpart,25,4,sqa-opt,optimal,15,150,5.0,1.0,8.025757836094272e-11,0.0667,67,12.202905610203743
numpart,30,0,sqa-std,standard,15,150,5.0,1.0,3.0000661399576245e-09,0.0667,67,12.742630489170551
numpart,30,0,sqa-opt,optimal,15,150,5.0,1.0,3.333797127247351e-10,0.0667,67,14.47254017740488
wmaxcut,64,29,sqa-std,standard,15,150,5.9579,1.0,-1301.55830862829,0.7333,4,27.744970865547657
wmaxcut,64,29,sqa-opt,optimal,15,150,5.9579,1.0,-1301.55830862829,1.0,1.0,32.59173133969307
wmaxcut,256,25,sqa-std,standard,15,150,6.0937,1.0,-10439.983611828437,0.4667,8,141.8727376833558
wmaxcut,256,25,sqa-opt,optimal,15,150,6.0937,1.0,-10561.027244615703,1.0,1.0,185.3901890218258
sk,128,21,sqa-std,standard,15,150,4.9592,1.0,-5226.04850497123,0.2667,15,61.67303290963173
sk,128,21,sqa-opt,optimal,15,150,4.9592,1.0,-5249.6193141426265,1.0,1.0,73.63035138696432
ea3d,64,17,sqa-std,standard,15,150,5.05,1.0,-551.6807724928251,0.7333,4,28.333267703652382
ea3d,64,17,sqa-opt,optimal,15,150,5.05,1.0,-547.457962876336,1.0,1.0,35.33126539736986
ea3d,216,13,sqa-std,standard,15,150,4.9168,1.0,-1809.8890143494818,0.2,21,117.7711823657155
ea3d,216,13,sqa-opt,optimal,15,150,4.9168,1.0,-1825.562205920597,1.0,1.0,196.77380448579788
w3reg,128,9,sqa-std,standard,15,150,5.9246,1.0,-895.6688520869789,0.4667,8,60.733241215348244
w3reg,128,9,sqa-opt,optimal,15,150,5.9246,1.0,-898.7529332468812,1.0,1.0,87.32481279224157
numpart,25,5,sqa-std,standard,15,150,5.0,1.0,2.1859047905081752e-10,0.1333,33,10.48818188905716
numpart,25,5,sqa-opt,optimal,15,150,5.0,1.0,8.752998326144734e-12,0.2,21,12.794979430735111
numpart,30,1,sqa-std,standard,15,150,5.0,1.0,2.2168644697728723e-10,0.0667,67,12.766217365860939
numpart,30,1,sqa-opt,optimal,15,150,5.0,1.0,7.986478145483034e-11,0.0667,67,14.355127565562725
wmaxcut,128,0,sqa-std,standard,15,150,6.0362,1.0,-3703.7026591557255,0.6,6,60.361397333443165
wmaxcut,128,0,sqa-opt,optimal,15,150,6.0362,1.0,-3703.7026591557255,1.0,1.0,73.90148875117302
wmaxcut,256,26,sqa-std,standard,15,150,6.0813,1.0,-10407.102161737746,0.2,21,141.82330521941185
wmaxcut,256,26,sqa-opt,optimal,15,150,6.0813,1.0,-10425.9180063826,1.0,1.0,184.77637546509504
sk,128,22,sqa-std,standard,15,150,4.9594,1.0,-5195.756512682586,0.2,21,60.14074309915304
sk,128,22,sqa-opt,optimal,15,150,4.9594,1.0,-5211.095927768128,1.0,1.0,72.35685800015926
ea3d,64,18,sqa-std,standard,15,150,4.9124,1.0,-524.7518659390532,0.9333,2,28.306106343865395
ea3d,64,18,sqa-opt,optimal,15,150,4.9124,1.0,-524.7518659390532,1.0,1.0,34.73607091605663
ea3d,216,14,sqa-std,standard,15,150,5.1967,1.0,-1913.4862900918042,0.1333,33,116.20648163557053
ea3d,216,14,sqa-opt,optimal,15,150,5.1967,1.0,-1930.2039195905877,0.4667,8,192.92443235218525
w3reg,128,10,sqa-std,standard,15,150,6.0854,1.0,-921.821263260227,0.4,10,58.41826270520687
w3reg,128,10,sqa-opt,optimal,15,150,6.0854,1.0,-923.4856363561038,0.9333,2,78.94128271192312
numpart,25,6,sqa-std,standard,15,150,5.0,1.0,4.6382941931710775e-10,0.0667,67,9.368690267205238
numpart,25,6,sqa-opt,optimal,15,150,5.0,1.0,2.6092417115819444e-10,0.0667,67,10.77240664511919
numpart,30,2,sqa-std,standard,15,150,5.0,1.0,1.306830910152712e-08,0.0667,67,11.29631593823433
numpart,30,2,sqa-opt,optimal,15,150,5.0,1.0,1.4520189495215163e-09,0.0667,67,13.929680660367012
wmaxcut,128,1,sqa-std,standard,15,150,6.1411,1.0,-3620.519801657184,0.3333,12,61.26670611649752
wmaxcut,128,1,sqa-opt,optimal,15,150,6.1411,1.0,-3620.519801657184,1.0,1.0,75.44626532495022
wmaxcut,256,27,sqa-std,standard,15,150,6.0437,1.0,-10250.586672578498,0.1333,33,142.55341075360775
wmaxcut,256,27,sqa-opt,optimal,15,150,6.0437,1.0,-10313.31022571955,1.0,1.0,187.8884280025959
sk,128,23,sqa-std,standard,15,150,5.0252,1.0,-5259.47992206122,0.5333,7,61.29416734725237
sk,128,23,sqa-opt,optimal,15,150,5.0252,1.0,-5261.405123629508,1.0,1.0,72.45497656613588
ea3d,64,19,sqa-std,standard,15,150,5.2058,1.0,-561.7899777452728,0.4,10,27.984383635222912
ea3d,64,19,sqa-opt,optimal,15,150,5.2058,1.0,-561.7899777452728,1.0,1.0,36.20971907675266
ea3d,216,15,sqa-std,standard,15,150,5.0916,1.0,-1878.3828389721104,0.1333,33,119.53702983260155
ea3d,216,15,sqa-opt,optimal,15,150,5.0916,1.0,-1886.8683247302,1.0,1.0,192.5321793705225
w3reg,128,11,sqa-std,standard,15,150,6.1217,1.0,-932.9044797156655,0.3333,12,60.513804383575916
w3reg,128,11,sqa-opt,optimal,15,150,6.1217,1.0,-932.2647242472858,1.0,1.0,80.81697583943605
numpart,25,7,sqa-std,standard,15,150,5.0,1.0,9.293348313121896e-10,0.0667,67,9.729874581098557
numpart,25,7,sqa-opt,optimal,15,150,5.0,1.0,6.911449190738495e-11,0.1333,33,10.957280650734901
numpart,30,3,sqa-std,standard,15,150,5.0,1.0,6.34443858560374e-10,0.0667,67,11.242268979549408
numpart,30,3,sqa-opt,optimal,15,150,5.0,1.0,7.753603314952784e-12,0.0667,67,13.146203503012657
wmaxcut,128,2,sqa-std,standard,15,150,6.1163,1.0,-3708.050255102625,0.8,3,60.53031112998724
wmaxcut,128,2,sqa-opt,optimal,15,150,6.1163,1.0,-3708.050255102625,1.0,1.0,74.62577323615551
wmaxcut,256,28,sqa-std,standard,15,150,6.0821,1.0,-10224.045711335153,0.0667,67,141.241490021348
wmaxcut,256,28,sqa-opt,optimal,15,150,6.0821,1.0,-10415.019953182536,1.0,1.0,184.51313865184784
sk,128,24,sqa-std,standard,15,150,5.0636,1.0,-5280.0828119928,0.6,6,61.29948562383652
sk,128,24,sqa-opt,optimal,15,150,5.0636,1.0,-5291.875616671413,1.0,1.0,72.36599140614271
ea3d,64,20,sqa-std,standard,15,150,4.7091,1.0,-516.5305330917377,0.7333,4,28.26238653808832
ea3d,64,20,sqa-opt,optimal,15,150,4.7091,1.0,-516.5305330917377,1.0,1.0,36.415601409971714
ea3d,216,16,sqa-std,standard,15,150,5.1654,1.0,-1881.1439324194544,0.2,21,116.84417273104191
ea3d,216,16,sqa-opt,optimal,15,150,5.1654,1.0,-1881.1439324194544,0.7333,4,193.88709614425898
w3reg,128,12,sqa-std,standard,15,150,6.2049,1.0,-950.6709468219956,0.4,10,59.940646320581436
w3reg,128,12,sqa-opt,optimal,15,150,6.2049,1.0,-950.6709468219956,1.0,1.0,85.0017579421401
numpart,25,8,sqa-std,standard,15,150,5.0,1.0,1.0489127344470717e-09,0.0667,67,9.639851182699203
numpart,25,8,sqa-opt,optimal,15,150,5.0,1.0,1.3964489564699534e-09,0.0667,67,11.13096398115158
numpart,30,4,sqa-std,standard,15,150,5.0,1.0,1.0340484024595753e-10,0.0667,67,11.773222304880619
numpart,30,4,sqa-opt,optimal,15,150,5.0,1.0,1.1514789122202274e-11,0.0667,67,14.460881099104881
wmaxcut,128,3,sqa-std,standard,15,150,6.0957,1.0,-3662.5021433993797,0.4667,8,60.10667886584997
wmaxcut,128,3,sqa-opt,optimal,15,150,6.0957,1.0,-3666.872975332435,1.0,1.0,75.59268237650394
wmaxcut,256,29,sqa-std,standard,15,150,6.0385,1.0,-10207.68797272987,0.2667,15,140.76822002232075
wmaxcut,256,29,sqa-opt,optimal,15,150,6.0385,1.0,-10368.327861198755,1.0,1.0,184.90158613026142
sk,128,25,sqa-std,standard,15,150,4.969,1.0,-5309.154160291995,0.3333,12,60.48930332809687
sk,128,25,sqa-opt,optimal,15,150,4.969,1.0,-5323.348460615137,1.0,1.0,73.76272165030241
ea3d,64,21,sqa-std,standard,15,150,4.7665,1.0,-532.0893616352881,0.9333,2,27.673915565013885
ea3d,64,21,sqa-opt,optimal,15,150,4.7665,1.0,-532.0893616352881,1.0,1.0,35.19129630178213
ea3d,216,17,sqa-std,standard,15,150,4.9262,1.0,-1763.776247955443,0.1333,33,115.89883214980364
ea3d,216,17,sqa-opt,optimal,15,150,4.9262,1.0,-1776.2476121158293,0.9333,2,195.67718725651503
w3reg,128,13,sqa-std,standard,15,150,6.0371,1.0,-906.4069598774541,0.3333,12,58.14871172606945
w3reg,128,13,sqa-opt,optimal,15,150,6.0371,1.0,-914.4620386694959,0.7333,4,82.49005654454231
numpart,25,9,sqa-std,standard,15,150,5.0,1.0,1.9449797328263685e-10,0.0667,67,9.572356596589088
numpart,25,9,sqa-opt,optimal,15,150,5.0,1.0,9.414555801612323e-10,0.0667,67,10.82030052691698
numpart,30,5,sqa-std,standard,15,150,5.0,1.0,5.842437644787424e-12,0.0667,67,11.380390264093876
numpart,30,5,sqa-opt,optimal,15,150,5.0,1.0,2.858886460899157e-10,0.0667,67,13.298655711114407
wmaxcut,128,4,sqa-std,standard,15,150,6.039,1.0,-3801.9840479039844,0.4667,8,61.14236045628786
wmaxcut,128,4,sqa-opt,optimal,15,150,6.039,1.0,-3801.9840479039844,1.0,1.0,74.30789367854595
sk,64,0,sqa-std,standard,15,150,5.1296,1.0,-1837.7378712961172,0.8667,3,27.51962085068226
sk,64,0,sqa-opt,optimal,15,150,5.1296,1.0,-1837.7378712961172,1.0,1.0,31.8999118283391
sk,128,26,sqa-std,standard,15,150,5.0362,1.0,-5197.503790126622,0.3333,12,60.08150368183851
sk,128,26,sqa-opt,optimal,15,150,5.0362,1.0,-5197.503790126622,1.0,1.0,72.06070690602064
ea3d,64,22,sqa-std,standard,15,150,4.6893,1.0,-526.286908739712,1.0,1.0,27.857299238443375
ea3d,64,22,sqa-opt,optimal,15,150,4.6893,1.0,-526.286908739712,1.0,1.0,34.57099608331919
ea3d,216,18,sqa-std,standard,15,150,5.3603,1.0,-1920.444690176082,0.2,21,116.83587757498026
ea3d,216,18,sqa-opt,optimal,15,150,5.3603,1.0,-1941.2344005819787,0.4,10,191.5044948682189
w3reg,128,14,sqa-std,standard,15,150,6.0578,1.0,-891.5327772186329,0.4667,8,64.10666120797396
w3reg,128,14,sqa-opt,optimal,15,150,6.0578,1.0,-892.5659749593592,1.0,1.0,86.82777699828148
numpart,25,10,sqa-std,standard,15,150,5.0,1.0,8.413714169819286e-12,0.0667,67,10.641622610390186
numpart,25,10,sqa-opt,optimal,15,150,5.0,1.0,4.4569796742166545e-09,0.0667,67,12.368784092366695
numpart,30,6,sqa-std,standard,15,150,5.0,1.0,1.4617412835704613e-09,0.0667,67,13.190934307873249
numpart,30,6,sqa-opt,optimal,15,150,5.0,1.0,8.566258813402783e-12,0.0667,67,15.892871506512165
wmaxcut,128,5,sqa-std,standard,15,150,6.0372,1.0,-3690.532379233736,0.6,6,60.82041794061661
wmaxcut,128,5,sqa-opt,optimal,15,150,6.0372,1.0,-3690.532379233736,1.0,1.0,75.61841049045324
sk,64,1,sqa-std,standard,15,150,4.9116,1.0,-1775.8741209705922,1.0,1.0,27.582104854285717
sk,64,1,sqa-opt,optimal,15,150,4.9116,1.0,-1775.8741209705922,1.0,1.0,32.43146340548992
sk,128,27,sqa-std,standard,15,150,4.9751,1.0,-5119.562117242604,0.1333,33,60.14512421935797
sk,128,27,sqa-opt,optimal,15,150,4.9751,1.0,-5150.556493095467,1.0,1.0,72.0973512455821
ea3d,64,23,sqa-std,standard,15,150,5.1302,1.0,-545.4680248684781,0.8,3,27.911123916506767
ea3d,64,23,sqa-opt,optimal,15,150,5.1302,1.0,-545.4680248684781,1.0,1.0,34.73926344513893
ea3d,216,19,sqa-std,standard,15,150,4.9343,1.0,-1775.2539992127727,0.2667,15,117.15824671089649
ea3d,216,19,sqa-opt,optimal,15,150,4.9343,1.0,-1785.75452895698,0.9333,2,195.59138391911983
w3reg,128,15,sqa-std,standard,15,150,5.8165,1.0,-863.2803753037623,0.2,21,61.28811735659838
w3reg,128,15,sqa-opt,optimal,15,150,5.8165,1.0,-863.2803753037623,1.0,1.0,89.74907544255257
numpart,25,11,sqa-std,standard,15,150,5.0,1.0,9.213962925969099e-12,0.0667,67,10.508431978523731
numpart,25,11,sqa-opt,optimal,15,150,5.0,1.0,2.3085888756213535e-10,0.2,21,12.311410523951054
numpart,30,7,sqa-std,standard,15,150,5.0,1.0,1.166558405429896e-09,0.0667,67,12.994263000786304
numpart,30,7,sqa-opt,optimal,15,150,5.0,1.0,2.375166729962075e-11,0.0667,67,15.413654580712318
wmaxcut,128,6,sqa-std,standard,15,150,6.0911,1.0,-3735.263680555259,0.2,21,60.45534551143646
wmaxcut,128,6,sqa-opt,optimal,15,150,6.0911,1.0,-3735.263680555259,1.0,1.0,75.4526556134224
sk,64,2,sqa-std,standard,15,150,4.9658,1.0,-2072.3622633464915,1.0,1.0,27.68443351984024
sk,64,2,sqa-opt,optimal,15,150,4.9658,1.0,-2072.3622633464915,1.0,1.0,32.036393478512764
sk,128,28,sqa-std,standard,15,150,5.0083,1.0,-5351.900996187144,0.5333,7,60.32677096873522
sk,128,28,sqa-opt,optimal,15,150,5.0083,1.0,-5351.900996187144,1.0,1.0,74.03172631561756
ea3d,64,24,sqa-std,standard,15,150,4.5965,1.0,-491.74951104863044,0.8,3,28.229393891990185
ea3d,64,24,sqa-opt,optimal,15,150,4.5965,1.0,-491.74951104863044,0.9333,2,35.54454778879881
ea3d,216,20,sqa-std,standard,15,150,4.9894,1.0,-1801.3779490110203,0.1333,33,116.853844627738
ea3d,216,20,sqa-opt,optimal,15,150,4.9894,1.0,-1809.2736260467052,0.8667,3,198.24965200573206
w3reg,128,16,sqa-std,standard,15,150,6.2289,1.0,-910.9382449515515,0.4667,8,62.13747948408127
w3reg,128,16,sqa-opt,optimal,15,150,6.2289,1.0,-914.6598365243005,0.8,3,90.1869578063488
numpart,25,12,sqa-std,standard,15,150,5.0,1.0,1.1282419443148228e-10,0.0667,67,10.881014943122864
numpart,25,12,sqa-opt,optimal,15,150,5.0,1.0,-1.2656542480726785e-14,0.0667,67,12.760607652366161
numpart,30,8,sqa-std,standard,15,150,5.0,1.0,-2.7755575615628914e-14,0.0667,67,12.84690921753645
numpart,30,8,sqa-opt,optimal,15,150,5.0,1.0,3.2686964246408934e-11,0.0667,67,15.218919306993484
wmaxcut,128,7,sqa-std,standard,15,150,6.1212,1.0,-3901.477778286977,0.6,6,60.02904249727726
wmaxcut,128,7,sqa-opt,optimal,15,150,6.1212,1.0,-3901.477778286977,1.0,1.0,76.24669214338064
sk,64,3,sqa-std,standard,15,150,5.0839,1.0,-1764.1812168340057,0.6,6,27.531543649733067
sk,64,3,sqa-opt,optimal,15,150,5.0839,1.0,-1764.1812168340057,1.0,1.0,32.35349325835705
sk,128,29,sqa-std,standard,15,150,4.9775,1.0,-5287.734918727465,0.1333,33,60.74542289972305
sk,128,29,sqa-opt,optimal,15,150,4.9775,1.0,-5287.734918727465,1.0,1.0,73.25559893995523
ea3d,64,25,sqa-std,standard,15,150,5.0727,1.0,-515.6438987357484,0.8,3,27.861103907227516
ea3d,64,25,sqa-opt,optimal,15,150,5.0727,1.0,-515.6438987357484,1.0,1.0,35.023483619093895
ea3d,216,21,sqa-std,standard,15,150,5.2091,1.0,-1900.6929464988643,0.3333,12,117.16968761384487
ea3d,216,21,sqa-opt,optimal,15,150,5.2091,1.0,-1919.744586073668,0.8667,3,197.892978861928
w3reg,128,17,sqa-std,standard,15,150,5.9084,1.0,-918.464523536003,0.2,21,61.26637023687363
w3reg,128,17,sqa-opt,optimal,15,150,5.9084,1.0,-918.464523536003,1.0,1.0,88.05791182816029
numpart,25,13,sqa-std,standard,15,150,5.0,1.0,3.914367496804516e-09,0.0667,67,10.567294381558895
numpart,25,13,sqa-opt,optimal,15,150,5.0,1.0,1.8496670861622988e-10,0.0667,67,12.214027404785156
numpart,30,9,sqa-std,standard,15,150,5.0,1.0,4.716348200872744e-09,0.0667,67,12.78561346232891
numpart,30,9,sqa-opt,optimal,15,150,5.0,1.0,2.2293811241524963e-10,0.0667,67,15.122773557901382
wmaxcut,128,8,sqa-std,standard,15,150,6.0891,1.0,-3592.760469776739,0.1333,33,60.39114203304052
wmaxcut,128,8,sqa-opt,optimal,15,150,6.0891,1.0,-3592.760469776739,1.0,1.0,74.15862525254488
sk,64,4,sqa-std,standard,15,150,4.8931,1.0,-1755.8347276292066,0.5333,7,27.680407002568245
sk,64,4,sqa-opt,optimal,15,150,4.8931,1.0,-1755.8347276292066,1.0,1.0,32.38582560420036
sk,256,0,sqa-std,standard,15,150,4.9853,1.0,-14940.66281872733,0.0667,67,142.10550448298454
sk,256,0,sqa-opt,optimal,15,150,4.9853,1.0,-15111.71427368997,1.0,1.0,177.4107811152935
ea3d,64,26,sqa-std,standard,15,150,5.3016,1.0,-604.9158709111412,0.8,3,27.619389668107033
ea3d,64,26,sqa-opt,optimal,15,150,5.3016,1.0,-604.9158709111412,1.0,1.0,34.613113306462765
ea3d,216,22,sqa-std,standard,15,150,4.9071,1.0,-1815.2292802232514,0.3333,12,117.94752889871597
ea3d,216,22,sqa-opt,optimal,15,150,4.9071,1.0,-1842.0072306542252,1.0,1.0,192.74184437841177
w3reg,128,18,sqa-std,standard,15,150,6.2593,1.0,-958.5527398799741,0.1333,33,60.96702599525452
w3reg,128,18,sqa-opt,optimal,15,150,6.2593,1.0,-958.5527398799741,1.0,1.0,83.44513603299856
numpart,25,14,sqa-std,standard,15,150,5.0,1.0,1.4341523524308286e-09,0.0667,67,9.723949447274208
numpart,25,14,sqa-opt,optimal,15,150,5.0,1.0,1.90943350020234e-09,0.0667,67,11.733055837452412
numpart,30,10,sqa-std,standard,15,150,5.0,1.0,5.4467809151859115e-09,0.0667,67,12.326161943376064
numpart,30,10,sqa-opt,optimal,15,150,5.0,1.0,5.15739340123389e-10,0.1333,33,14.553846575319767
wmaxcut,128,9,sqa-std,standard,15,150,6.077,1.0,-3733.165258111068,0.0667,67,60.53025706857443
wmaxcut,128,9,sqa-opt,optimal,15,150,6.077,1.0,-3733.165258111068,1.0,1.0,75.73814714699984
sk,64,5,sqa-std,standard,15,150,4.925,1.0,-1720.967089010593,0.5333,7,27.537125751376152
sk,64,5,sqa-opt,optimal,15,150,4.925,1.0,-1720.967089010593,1.0,1.0,32.43407963961363
sk,256,1,sqa-std,standard,15,150,4.9978,1.0,-14965.696300247968,0.1333,33,141.9025392755866
sk,256,1,sqa-opt,optimal,15,150,4.9978,1.0,-15240.698191743038,1.0,1.0,180.14245402812958
ea3d,64,27,sqa-std,standard,15,150,4.9689,1.0,-535.207937284721,0.8,3,28.077862672507763
ea3d,64,27,sqa-opt,optimal,15,150,4.9689,1.0,-535.207937284721,1.0,1.0,34.6137520596385
ea3d,216,23,sqa-std,standard,15,150,5.1251,1.0,-1892.977248806505,0.1333,33,118.49767472594976
ea3d,216,23,sqa-opt,optimal,15,150,5.1251,1.0,-1897.06656751255,0.8667,3,195.37451076507568
w3reg,128,19,sqa-std,standard,15,150,5.9605,1.0,-895.1086675382895,0.2667,15,61.117908135056496
w3reg,128,19,sqa-opt,optimal,15,150,5.9605,1.0,-900.0743886055933,0.2667,15,86.84658448398113
numpart,25,15,sqa-std,standard,15,150,5.0,1.0,3.445759233500212e-10,0.0667,67,10.493751779198647
numpart,25,15,sqa-opt,optimal,15,150,5.0,1.0,7.037037619284092e-12,0.0667,67,12.236649386584759
numpart,30,11,sqa-std,standard,15,150,5.0,1.0,5.5433879708743916e-11,0.0667,67,12.68137839436531
numpart,30,11,sqa-opt,optimal,15,150,5.0,1.0,5.5437432422422717e-11,0.0667,67,14.706994861364365
wmaxcut,128,10,sqa-std,standard,15,150,6.1433,1.0,-3809.915225658095,0.6667,5,60.953817717731
wmaxcut,128,10,sqa-opt,optimal,15,150,6.1433,1.0,-3809.915225658095,1.0,1.0,74.72212268412113
sk,64,6,sqa-std,standard,15,150,5.0274,1.0,-1816.0108354026877,0.4667,8,27.488331586122513
sk,64,6,sqa-opt,optimal,15,150,5.0274,1.0,-1816.0108354026877,1.0,1.0,31.727135308086872
sk,256,2,sqa-std,standard,15,150,4.9953,1.0,-14960.181004310352,0.3333,12,142.81118853390217
sk,256,2,sqa-opt,optimal,15,150,4.9953,1.0,-15007.990026764006,1.0,1.0,180.18936064839363
ea3d,64,28,sqa-std,standard,15,150,5.1544,1.0,-556.6864842989447,0.9333,2,27.598269753158092
ea3d,64,28,sqa-opt,optimal,15,150,5.1544,1.0,-556.6864842989447,1.0,1.0,35.68646454811096
ea3d,216,24,sqa-std,standard,15,150,5.1021,1.0,-1850.6188566326139,0.2,21,117.83182177692652
ea3d,216,24,sqa-opt,optimal,15,150,5.1021,1.0,-1854.158762498904,0.8667,3,195.65853825956583
w3reg,128,20,sqa-std,standard,15,150,6.4158,1.0,-979.3202300661268,0.3333,12,60.11642984300852
w3reg,128,20,sqa-opt,optimal,15,150,6.4158,1.0,-979.3202300661268,0.9333,2,81.47864324599504
numpart,25,16,sqa-std,standard,15,150,5.0,1.0,2.9408475654690847e-11,0.0667,67,10.081388168036938
numpart,25,16,sqa-opt,optimal,15,150,5.0,1.0,4.707265688352891e-10,0.0667,67,11.933477371931076
numpart,30,12,sqa-std,standard,15,150,5.0,1.0,9.210410212290299e-12,0.0667,67,12.45782170444727
numpart,30,12,sqa-opt,optimal,15,150,5.0,1.0,9.197975714414497e-12,0.0667,67,14.462494887411594
wmaxcut,128,11,sqa-std,standard,15,150,6.0738,1.0,-3609.632421025091,0.1333,33,61.209708362817764
wmaxcut,128,11,sqa-opt,optimal,15,150,6.0738,1.0,-3609.632421025091,0.8,3,77.1703711822629
sk,64,7,sqa-std,standard,15,150,5.0712,1.0,-1891.4132724189092,1.0,1.0,27.735849544405937
sk,64,7,sqa-opt,optimal,15,150,5.0712,1.0,-1891.4132724189092,1.0,1.0,32.35958353430033
sk,256,3,sqa-std,standard,15,150,4.9808,1.0,-14777.071580683927,0.2,21,142.00299754738808
sk,256,3,sqa-opt,optimal,15,150,4.9808,1.0,-15053.857614516948,1.0,1.0,176.59473534673452
ea3d,64,29,sqa-std,standard,15,150,5.2931,1.0,-560.7369108529135,0.6,6,28.01615610718727
ea3d,64,29,sqa-opt,optimal,15,150,5.2931,1.0,-560.7369108529135,1.0,1.0,34.43449176102877
ea3d,216,25,sqa-std,standard,15,150,5.0155,1.0,-1789.211898142926,0.3333,12,117.29416059702635
ea3d,216,25,sqa-opt,optimal,15,150,5.0155,1.0,-1810.045608225516,1.0,1.0,193.57633724808693
w3reg,128,21,sqa-std,standard,15,150,5.9988,1.0,-928.6895603683525,0.2667,15,61.52757325768471
w3reg,128,21,sqa-opt,optimal,15,150,5.9988,1.0,-932.1550946536053,1.0,1.0,86.08815822005272
numpart,25,17,sqa-std,standard,15,150,5.0,1.0,7.189188355738452e-09,0.0667,67,10.61524386703968
numpart,25,17,sqa-opt,optimal,15,150,5.0,1.0,9.16979825404951e-10,0.0667,67,12.327873162925243
numpart,30,13,sqa-std,standard,15,150,5.0,1.0,1.9439494458595163e-10,0.0667,67,12.753307156264782
numpart,30,13,sqa-opt,optimal,15,150,5.0,1.0,1.7496095683355861e-09,0.0667,67,15.096644796431065
wmaxcut,128,12,sqa-std,standard,15,150,6.1134,1.0,-3795.812121581933,0.4,10,60.20101061463356
wmaxcut,128,12,sqa-opt,optimal,15,150,6.1134,1.0,-3795.812121581933,1.0,1.0,76.27545288950205
sk,64,8,sqa-std,standard,15,150,5.0233,1.0,-1831.4455603411,0.6667,5,27.573136627674103
sk,64,8,sqa-opt,optimal,15,150,5.0233,1.0,-1831.4455603411,1.0,1.0,32.30443596839905
sk,256,4,sqa-std,standard,15,150,5.0137,1.0,-14838.67069417959,0.2,21,141.85058480501175
sk,256,4,sqa-opt,optimal,15,150,5.0137,1.0,-15052.404552197568,1.0,1.0,179.3193578198552
ea3d,125,0,sqa-std,standard,15,150,4.9223,1.0,-1041.7321835266107,0.6,6,59.72977925091982
ea3d,125,0,sqa-opt,optimal,15,150,4.9223,1.0,-1041.7321835266107,1.0,1.0,84.4388378560543
ea3d,216,26,sqa-std,standard,15,150,4.9616,1.0,-1815.185091237318,0.1333,33,116.52806218713522
ea3d,216,26,sqa-opt,optimal,15,150,4.9616,1.0,-1817.2169297930561,1.0,1.0,194.1179002597928
w3reg,128,22,sqa-std,standard,15,150,6.0265,1.0,-887.0076966247841,0.6667,5,60.098350532352924
w3reg,128,22,sqa-opt,optimal,15,150,6.0265,1.0,-896.0630884247041,0.9333,2,84.26880430430174
numpart,25,18,sqa-std,standard,15,150,5.0,1.0,3.9841024701559036e-08,0.0667,67,9.512454979121685
numpart,25,18,sqa-opt,optimal,15,150,5.0,1.0,4.19173140642215e-10,0.0667,67,12.100883334875107
numpart,30,14,sqa-std,standard,15,150,5.0,1.0,7.09574621282627e-11,0.0667,67,11.817734815180302
numpart,30,14,sqa-opt,optimal,15,150,5.0,1.0,7.887912545356812e-12,0.0667,67,13.929051049053669
wmaxcut,128,13,sqa-std,standard,15,150,6.1434,1.0,-3660.257112870438,0.2,21,60.709918059408665
wmaxcut,128,13,sqa-opt,optimal,15,150,6.1434,1.0,-3660.257112870438,1.0,1.0,75.44268338382244
sk,64,9,sqa-std,standard,15,150,4.9396,1.0,-1737.3339373609565,0.8,3,27.645903579890728
sk,64,9,sqa-opt,optimal,15,150,4.9396,1.0,-1737.3339373609565,1.0,1.0,32.525884225964546
sk,256,5,sqa-std,standard,15,150,5.0211,1.0,-15205.352627069347,0.6,6,141.97729865461588
sk,256,5,sqa-opt,optimal,15,150,5.0211,1.0,-15390.311312752008,1.0,1.0,177.0801962390542
ea3d,125,1,sqa-std,standard,15,150,5.1065,1.0,-1053.1755044623678,0.2667,15,59.82251264154911
ea3d,125,1,sqa-opt,optimal,15,150,5.1065,1.0,-1056.3985906948667,0.4667,8,86.70658107101917
ea3d,216,27,sqa-std,standard,15,150,5.1664,1.0,-1834.0615334342847,0.2,21,117.59615122526884
ea3d,216,27,sqa-opt,optimal,15,150,5.1664,1.0,-1847.9751803182667,0.5333,7,191.22943437844515
w3reg,128,23,sqa-std,standard,15,150,6.2512,1.0,-967.5326361295131,0.0667,67,58.43083304166794
w3reg,128,23,sqa-opt,optimal,15,150,6.2512,1.0,-967.5326361295131,0.9333,2,81.61557384580374
numpart,25,19,sqa-std,standard,15,150,5.0,1.0,8.682166097173649e-10,0.0667,67,9.702463418245316
numpart,25,19,sqa-opt,optimal,15,150,5.0,1.0,7.172928917498211e-12,0.0667,67,11.203952454030514
numpart,30,15,sqa-std,standard,15,150,5.0,1.0,2.1673309813508013e-09,0.1333,33,11.437674380838871
numpart,30,15,sqa-opt,optimal,15,150,5.0,1.0,2.1673309813508013e-09,0.1333,33,13.329710640013218
wmaxcut,128,14,sqa-std,standard,15,150,6.0515,1.0,-3662.2945019334907,0.3333,12,60.39040236920118
wmaxcut,128,14,sqa-opt,optimal,15,150,6.0515,1.0,-3662.2945019334907,1.0,1.0,75.42876003682613
sk,64,10,sqa-std,standard,15,150,5.0257,1.0,-1892.8349401152232,0.9333,2,27.58111534267664
sk,64,10,sqa-opt,optimal,15,150,5.0257,1.0,-1892.8349401152232,1.0,1.0,32.170477114617825
sk,256,6,sqa-std,standard,15,150,4.9921,1.0,-14798.239384232715,0.1333,33,141.8941434249282
sk,256,6,sqa-opt,optimal,15,150,4.9921,1.0,-15013.416953766144,1.0,1.0,180.60124384611845
ea3d,125,2,sqa-std,standard,15,150,4.7638,1.0,-1013.1025297103957,0.2,21,60.839595943689346
ea3d,125,2,sqa-opt,optimal,15,150,4.7638,1.0,-1013.1025297103957,1.0,1.0,88.69030115008354
ea3d,216,28,sqa-std,standard,15,150,4.7679,1.0,-1781.8329177574112,0.0667,67,117.19566483795643
ea3d,216,28,sqa-opt,optimal,15,150,4.7679,1.0,-1783.7187705283866,1.0,1.0,199.25664268434048
w3reg,128,24,sqa-std,standard,15,150,6.3658,1.0,-968.5265238928871,0.4,10,60.465697437524796
w3reg,128,24,sqa-opt,optimal,15,150,6.3658,1.0,-968.5265238928871,1.0,1.0,83.98540233820677
numpart,25,20,sqa-std,standard,15,150,5.0,1.0,1.619979705935748e-10,0.0667,67,9.834154099225998
numpart,25,20,sqa-opt,optimal,15,150,5.0,1.0,5.248153023273971e-10,0.0667,67,11.636188618838787
numpart,30,16,sqa-std,standard,15,150,5.0,1.0,2.548117272738182e-10,0.0667,67,11.30519813299179
numpart,30,16,sqa-opt,optimal,15,150,5.0,1.0,1.0194063371216089e-09,0.0667,67,12.552823707461357
wmaxcut,128,15,sqa-std,standard,15,150,6.052,1.0,-3635.756109929658,0.4,10,59.82279458642006
wmaxcut,128,15,sqa-opt,optimal,15,150,6.052,1.0,-3635.756109929658,1.0,1.0,76.07717279344797
sk,64,11,sqa-std,standard,15,150,4.9615,1.0,-1721.3334761275287,0.7333,4,27.39170341938734
sk,64,11,sqa-opt,optimal,15,150,4.9615,1.0,-1721.3334761275287,1.0,1.0,32.1488358899951
sk,256,7,sqa-std,standard,15,150,4.9862,1.0,-15119.666377855121,0.2,21,140.61442157626152
sk,256,7,sqa-opt,optimal,15,150,4.9862,1.0,-15206.230312103346,1.0,1.0,175.92633606493473
ea3d,125,3,sqa-std,standard,15,150,5.12,1.0,-1086.9374055966605,0.3333,12,60.79240643233061
ea3d,125,3,sqa-opt,optimal,15,150,5.12,1.0,-1086.9374055966605,1.0,1.0,86.05586142092943
ea3d,216,29,sqa-std,standard,15,150,5.1265,1.0,-1831.6569292609045,0.3333,12,115.68939694017172
ea3d,216,29,sqa-opt,optimal,15,150,5.1265,1.0,-1845.83200276825,0.8,3,188.03675001114607
w3reg,128,25,sqa-std,standard,15,150,6.2376,1.0,-961.4245866104112,0.2,21,58.25712048262358
w3reg,128,25,sqa-opt,optimal,15,150,6.2376,1.0,-963.1164715228946,0.7333,4,82.3909225165844
numpart,25,21,sqa-std,standard,15,150,5.0,1.0,5.65351973569328e-10,0.0667,67,9.743724212050438
numpart,25,21,sqa-opt,optimal,15,150,5.0,1.0,3.4197646103795165e-10,0.1333,33,10.979208655655384
numpart,30,17,sqa-std,standard,15,150,5.0,1.0,7.243425581560103e-10,0.0667,67,11.660363592207432
numpart,30,17,sqa-opt,optimal,15,150,5.0,1.0,6.063899382624527e-12,0.0667,67,13.522690705955029
wmaxcut,128,16,sqa-std,standard,15,150,6.0124,1.0,-3512.6302176371496,0.4,10,60.22821990400553
wmaxcut,128,16,sqa-opt,optimal,15,150,6.0124,1.0,-3538.3025036583645,1.0,1.0,75.30021189898252
sk,64,12,sqa-std,standard,15,150,4.9793,1.0,-1923.9513501273289,0.6,6,27.520725272595882
sk,64,12,sqa-opt,optimal,15,150,4.9793,1.0,-1923.9513501273289,1.0,1.0,31.791133232414722
sk,256,8,sqa-std,standard,15,150,5.004,1.0,-15067.70742523519,0.1333,33,141.27416758984327
sk,256,8,sqa-opt,optimal,15,150,5.004,1.0,-15214.57820993132,1.0,1.0,175.2354262471199
ea3d,125,4,sqa-std,standard,15,150,4.9499,1.0,-1018.341722836197,0.4667,8,59.248292468488216
ea3d,125,4,sqa-opt,optimal,15,150,4.9499,1.0,-1025.0608377684212,1.0,1.0,86.28299431502819
w3reg,64,0,sqa-std,standard,15,150,6.1277,1.0,-462.2716736342791,0.7333,4,28.376373417675495
w3reg,64,0,sqa-opt,optimal,15,150,6.1277,1.0,-462.2716736342791,1.0,1.0,35.132536098361015
w3reg,128,26,sqa-std,standard,15,150,5.928,1.0,-907.3418406901965,0.2667,15,61.7080987021327
w3reg,128,26,sqa-opt,optimal,15,150,5.928,1.0,-908.0972177061474,1.0,1.0,88.66240424662828
numpart,25,22,sqa-std,standard,15,150,5.0,1.0,2.4547412991182682e-09,0.0667,67,10.863578096032143
numpart,25,22,sqa-opt,optimal,15,150,5.0,1.0,8.228253634001703e-10,0.0667,67,12.555055111646652
numpart,30,18,sqa-std,standard,15,150,5.0,1.0,1.4249366131480201e-09,0.0667,67,13.102316446602345
numpart,30,18,sqa-opt,optimal,15,150,5.0,1.0,7.593925488436071e-11,0.0667,67,14.951455026865005
wmaxcut,128,17,sqa-std,standard,15,150,6.0583,1.0,-3638.39527156009,0.4667,8,60.91303522884846
wmaxcut,128,17,sqa-opt,optimal,15,150,6.0583,1.0,-3638.39527156009,1.0,1.0,75.94046714156866
sk,64,13,sqa-std,standard,15,150,4.932,1.0,-1781.6070034116817,0.4,10,27.47212516516447
sk,64,13,sqa-opt,optimal,15,150,4.932,1.0,-1781.6070034116817,1.0,1.0,31.86630719155073
sk,256,9,sqa-std,standard,15,150,5.0009,1.0,-15189.34677318199,0.3333,12,143.05924823880196
sk,256,9,sqa-opt,optimal,15,150,5.0009,1.0,-15302.255011578129,1.0,1.0,177.96800684183836
ea3d,125,5,sqa-std,standard,15,150,4.7046,1.0,-964.7093689139047,0.3333,12,59.512586280703545
ea3d,125,5,sqa-opt,optimal,15,150,4.7046,1.0,-965.1318363748219,0.8,3,86.91734094917774
w3reg,64,1,sqa-std,standard,15,150,6.1066,1.0,-468.8180016489991,0.7333,4,27.449094347655773
w3reg,64,1,sqa-opt,optimal,15,150,6.1066,1.0,-468.8180016489991,1.0,1.0,35.71704322844744
w3reg,128,27,sqa-std,standard,15,150,6.3746,1.0,-947.1156922626678,0.2,21,63.667965322732925
w3reg,128,27,sqa-opt,optimal,15,150,6.3746,1.0,-948.0218592911972,0.9333,2,93.64566332101822
numpart,25,23,sqa-std,standard,15,150,5.0,1.0,4.220305060975704e-08,0.0667,67,10.918578796088696
numpart,25,23,sqa-opt,optimal,15,150,5.0,1.0,1.3142660293397057e-09,0.0667,67,12.4950957223773
numpart,30,19,sqa-std,standard,15,150,5.0,1.0,2.8126301288011746e-10,0.0667,67,12.802445285022259
numpart,30,19,sqa-opt,optimal,15,150,5.0,1.0,1.6585524065249047e-09,0.0667,67,14.992687538266182
wmaxcut,128,18,sqa-std,standard,15,150,6.162,1.0,-3685.6053828463373,0.1333,33,60.10277133435011
wmaxcut,128,18,sqa-opt,optimal,15,150,6.162,1.0,-3687.7190790438217,1.0,1.0,75.54002136737108
sk,64,14,sqa-std,standard,15,150,4.9331,1.0,-1724.1862621884109,0.8,3,27.6583374068141
sk,64,14,sqa-opt,optimal,15,150,4.9331,1.0,-1724.1862621884109,1.0,1.0,32.44108800590038
sk,256,10,sqa-std,standard,15,150,5.01,1.0,-14708.375559489456,0.1333,33,142.71471450477839
sk,256,10,sqa-opt,optimal,15,150,5.01,1.0,-14941.567850945363,1.0,1.0,179.7375393435359
ea3d,125,6,sqa-std,standard,15,150,4.8459,1.0,-981.7640110932808,0.3333,12,60.720803290605545
ea3d,125,6,sqa-opt,optimal,15,150,4.8459,1.0,-987.8964586276796,0.6667,5,87.19150331616402
w3reg,64,2,sqa-std,standard,15,150,6.26,1.0,-484.1636519332524,0.8,3,27.55027414113283
w3reg,64,2,sqa-opt,optimal,15,150,6.26,1.0,-484.1636519332524,1.0,1.0,34.338636212050915
w3reg,128,28,sqa-std,standard,15,150,5.8973,1.0,-893.2113036603726,0.6,6,61.14731769263744
w3reg,128,28,sqa-opt,optimal,15,150,5.8973,1.0,-899.1440523209592,1.0,1.0,89.58835516870022
numpart,25,24,sqa-std,standard,15,150,5.0,1.0,7.429389325963598e-10,0.0667,67,10.529613010585308
numpart,25,24,sqa-opt,optimal,15,150,5.0,1.0,1.188700593512948e-08,0.0667,67,12.412220224738121
numpart,30,20,sqa-std,standard,15,150,5.0,1.0,2.6460380442294706e-08,0.0667,67,12.81352911144495
numpart,30,20,sqa-opt,optimal,15,150,5.0,1.0,2.5794366642628574e-11,0.1333,33,15.042191907763481
wmaxcut,128,19,sqa-std,standard,15,150,6.0662,1.0,-3679.8189783113667,0.4,10,60.36817532032728
wmaxcut,128,19,sqa-opt,optimal,15,150,6.0662,1.0,-3679.8189783113667,1.0,1.0,76.50572802126408
sk,64,15,sqa-std,standard,15,150,5.0722,1.0,-1864.730867773564,0.4667,8,27.65493067353964
sk,64,15,sqa-opt,optimal,15,150,5.0722,1.0,-1864.730867773564,1.0,1.0,32.35296522825956
sk,256,11,sqa-std,standard,15,150,4.9935,1.0,-15435.523502391718,0.0667,67,141.84545375406742
sk,256,11,sqa-opt,optimal,15,150,4.9935,1.0,-15435.523502391718,1.0,1.0,178.33127301186323
ea3d,125,7,sqa-std,standard,15,150,4.7108,1.0,-1001.2659384115304,0.2,21,60.69975708425045
ea3d,125,7,sqa-opt,optimal,15,150,4.7108,1.0,-1001.2659384115304,0.9333,2,89.20370837301016
w3reg,64,3,sqa-std,standard,15,150,5.684,1.0,-412.0860127587994,0.8,3,27.90002866089344
w3reg,64,3,sqa-opt,optimal,15,150,5.684,1.0,-412.0860127587994,1.0,1.0,34.85301323980093
w3reg,128,29,sqa-std,standard,15,150,6.3625,1.0,-973.6494760716602,0.2667,15,61.28745197504759
w3reg,128,29,sqa-opt,optimal,15,150,6.3625,1.0,-974.360715846775,1.0,1.0,86.96778144687414
numpart,25,25,sqa-std,standard,15,150,5.0,1.0,3.887968347271453e-08,0.0667,67,10.857167154550552
numpart,25,25,sqa-opt,optimal,15,150,5.0,1.0,5.381615153510211e-10,0.0667,67,12.957974128425121
numpart,30,21,sqa-std,standard,15,150,5.0,1.0,1.787459069646502e-14,0.0667,67,12.863023675978184
numpart,30,21,sqa-opt,optimal,15,150,5.0,1.0,1.543599692510611e-10,0.0667,67,15.030301846563816
wmaxcut,128,20,sqa-std,standard,15,150,6.0463,1.0,-3592.331767741263,0.4,10,60.56376879662275
wmaxcut,128,20,sqa-opt,optimal,15,150,6.0463,1.0,-3592.331767741263,1.0,1.0,76.65033122897148
sk,64,16,sqa-std,standard,15,150,5.0231,1.0,-1846.068440732586,0.6667,5,27.688294410705566
sk,64,16,sqa-opt,optimal,15,150,5.0231,1.0,-1846.068440732586,1.0,1.0,32.45441507548094
sk,256,12,sqa-std,standard,15,150,4.9852,1.0,-14819.529673625357,0.2,21,143.1285665780306
sk,256,12,sqa-opt,optimal,15,150,4.9852,1.0,-15094.021715524168,1.0,1.0,179.07132268697023
ea3d,125,8,sqa-std,standard,15,150,4.6243,1.0,-959.0834786819563,0.3333,12,59.99057272821665
ea3d,125,8,sqa-opt,optimal,15,150,4.6243,1.0,-959.0834786819563,0.9333,2,86.0764043405652
w3reg,64,4,sqa-std,standard,15,150,5.9141,1.0,-435.9019109327519,0.8667,3,27.50684531033039
w3reg,64,4,sqa-opt,optimal,15,150,5.9141,1.0,-435.9019109327519,1.0,1.0,35.701759934425354
w3reg,256,0,sqa-std,standard,15,150,5.9883,1.0,-1815.1893499518262,0.1333,33,146.48405469208956
w3reg,256,0,sqa-opt,optimal,15,150,5.9883,1.0,-1834.1060677554567,0.6,6,242.23255514353514
numpart,25,26,sqa-std,standard,15,150,5.0,1.0,-3.2557290197132716e-14,0.0667,67,9.898841314017773
numpart,25,26,sqa-opt,optimal,15,150,5.0,1.0,3.1828345514739453e-11,0.0667,67,11.504827283322811
numpart,30,22,sqa-std,standard,15,150,5.0,1.0,3.494137423842858e-09,0.0667,67,11.746853962540627
numpart,30,22,sqa-opt,optimal,15,150,5.0,1.0,2.892797112963308e-11,0.0667,67,13.264972388744354
wmaxcut,128,21,sqa-std,standard,15,150,6.0686,1.0,-3717.609502097703,0.5333,7,60.30000043660402
wmaxcut,128,21,sqa-opt,optimal,15,150,6.0686,1.0,-3717.609502097703,1.0,1.0,76.45240432024002
sk,64,17,sqa-std,standard,15,150,4.8771,1.0,-1870.4290355006985,0.8667,3,27.77312471717596
sk,64,17,sqa-opt,optimal,15,150,4.8771,1.0,-1870.4290355006985,1.0,1.0,32.58172458410263
sk,256,13,sqa-std,standard,15,150,5.0031,1.0,-15056.208252148375,0.2667,15,141.04676032811403
sk,256,13,sqa-opt,optimal,15,150,5.0031,1.0,-15332.571768867198,1.0,1.0,178.0195328295231
ea3d,125,9,sqa-std,standard,15,150,5.1736,1.0,-1049.168018280825,0.6667,5,60.333740033209324
ea3d,125,9,sqa-opt,optimal,15,150,5.1736,1.0,-1051.094170714864,1.0,1.0,87.55388614535332
w3reg,64,5,sqa-std,standard,15,150,6.1952,1.0,-460.5434157085896,0.3333,12,28.55162074416876
w3reg,64,5,sqa-opt,optimal,15,150,6.1952,1.0,-460.5434157085896,1.0,1.0,35.83237912505865
w3reg,256,1,sqa-std,standard,15,150,5.9667,1.0,-1787.8259792030874,0.3333,12,148.01233126223087
w3reg,256,1,sqa-opt,optimal,15,150,5.9667,1.0,-1810.3427156317268,0.8667,3,246.82347721606493
numpart,25,27,sqa-std,standard,15,150,5.0,1.0,8.462697209665748e-11,0.0667,67,9.720282271504402
numpart,25,27,sqa-opt,optimal,15,150,5.0,1.0,7.615592600984655e-10,0.0667,67,11.454976938664913
numpart,30,23,sqa-std,standard,15,150,5.0,1.0,2.1205837086313295e-09,0.0667,67,11.67491152137518
numpart,30,23,sqa-opt,optimal,15,150,5.0,1.0,1.2828840212364412e-09,0.0667,67,13.07496452331543
wmaxcut,128,22,sqa-std,standard,15,150,6.0515,1.0,-3650.0264511546247,0.4667,8,60.343704015016556
wmaxcut,128,22,sqa-opt,optimal,15,150,6.0515,1.0,-3650.0264511546247,1.0,1.0,76.92137639969587
sk,64,18,sqa-std,standard,15,150,4.9472,1.0,-1775.3630242495708,0.4667,8,27.586216881871223
sk,64,18,sqa-opt,optimal,15,150,4.9472,1.0,-1775.3630242495708,1.0,1.0,32.250732190907
sk,256,14,sqa-std,standard,15,150,4.9676,1.0,-14947.050631756189,0.2667,15,141.11085051298141
sk,256,14,sqa-opt,optimal,15,150,4.9676,1.0,-15168.74512396874,1.0,1.0,177.85883820801973
ea3d,125,10,sqa-std,standard,15,150,5.0644,1.0,-1056.9078250580678,0.2667,15,60.11071491241455
ea3d,125,10,sqa-opt,optimal,15,150,5.0644,1.0,-1064.2822827299963,0.5333,7,87.55712371319532
w3reg,64,6,sqa-std,standard,15,150,5.7412,1.0,-440.2270897464557,0.8667,3,27.794043347239494
w3reg,64,6,sqa-opt,optimal,15,150,5.7412,1.0,-440.2270897464557,1.0,1.0,35.10080121457577
w3reg,256,2,sqa-std,standard,15,150,6.0214,1.0,-1838.1511413041737,0.1333,33,148.00304145365953
w3reg,256,2,sqa-opt,optimal,15,150,6.0214,1.0,-1857.5367844635714,1.0,1.0,242.67051772028208
numpart,25,28,sqa-std,standard,15,150,5.0,1.0,1.5964167765503134e-09,0.0667,67,9.622028708457947
numpart,25,28,sqa-opt,optimal,15,150,5.0,1.0,1.596482945842581e-09,0.0667,67,11.451392330229282
numpart,30,24,sqa-std,standard,15,150,5.0,1.0,1.2084022671388084e-10,0.0667,67,11.250615514814854
numpart,30,24,sqa-opt,optimal,15,150,5.0,1.0,3.0248692439727165e-11,0.0667,67,13.219884403049946
wmaxcut,128,23,sqa-std,standard,15,150,6.0885,1.0,-3668.0621303491907,0.4667,8,61.23356529325247
wmaxcut,128,23,sqa-opt,optimal,15,150,6.0885,1.0,-3668.0621303491907,1.0,1.0,76.1944356188178
sk,64,19,sqa-std,standard,15,150,5.0492,1.0,-1821.2906983310656,0.8667,3,27.651229038834572
sk,64,19,sqa-opt,optimal,15,150,5.0492,1.0,-1821.2906983310656,1.0,1.0,32.311210721731186
sk,256,15,sqa-std,standard,15,150,5.0117,1.0,-14899.97172988515,0.1333,33,140.79104425758123
sk,256,15,sqa-opt,optimal,15,150,5.0117,1.0,-15090.196182080872,1.0,1.0,177.58503344655037
ea3d,125,11,sqa-std,standard,15,150,5.2527,1.0,-1137.0919988299474,0.2,21,61.36271695792675
ea3d,125,11,sqa-opt,optimal,15,150,5.2527,1.0,-1137.0919988299474,1.0,1.0,88.58653805404902
w3reg,64,7,sqa-std,standard,15,150,5.7907,1.0,-449.7858481941244,0.4667,8,28.61588178575039
w3reg,64,7,sqa-opt,optimal,15,150,5.7907,1.0,-449.7858481941244,1.0,1.0,35.606865890324116
w3reg,256,3,sqa-std,standard,15,150,6.1632,1.0,-1864.4021505411235,0.3333,12,146.11931560188532
w3reg,256,3,sqa-opt,optimal,15,150,6.1632,1.0,-1894.815739446026,0.8667,3,250.84846732765436
numpart,25,29,sqa-std,standard,15,150,5.0,1.0,1.6047128070795225e-09,0.0667,67,9.803883485496044
numpart,25,29,sqa-opt,optimal,15,150,5.0,1.0,1.1489280637988486e-09,0.0667,67,11.242073334753513
numpart,30,25,sqa-std,standard,15,150,5.0,1.0,1.1065037774926623e-10,0.0667,67,11.362779133021832
numpart,30,25,sqa-opt,optimal,15,150,5.0,1.0,1.1070544481128763e-10,0.0667,67,12.84812443703413
wmaxcut,128,24,sqa-std,standard,15,150,6.0627,1.0,-3760.0022932382813,0.4667,8,61.38928699493408
wmaxcut,128,24,sqa-opt,optimal,15,150,6.0627,1.0,-3760.0022932382813,1.0,1.0,75.71871943026781
sk,64,20,sqa-std,standard,15,150,4.9754,1.0,-1773.6544834832853,0.5333,7,27.654931791126728
sk,64,20,sqa-opt,optimal,15,150,4.9754,1.0,-1773.6544834832853,1.0,1.0,31.926135070621967
sk,256,16,sqa-std,standard,15,150,4.9856,1.0,-15074.875900844881,0.0667,67,144.14794017374516
sk,256,16,sqa-opt,optimal,15,150,4.9856,1.0,-15224.4148928319,1.0,1.0,177.73048603534698
ea3d,125,12,sqa-std,standard,15,150,5.0705,1.0,-1055.4688957943847,0.2,21,59.116634391248226
ea3d,125,12,sqa-opt,optimal,15,150,5.0705,1.0,-1055.4688957943847,0.9333,2,86.88540868461132
w3reg,64,8,sqa-std,standard,15,150,6.0205,1.0,-454.1701220032676,0.8667,3,27.54422252625227
w3reg,64,8,sqa-opt,optimal,15,150,6.0205,1.0,-454.1701220032676,1.0,1.0,34.437952414155006
w3reg,256,4,sqa-std,standard,15,150,6.0166,1.0,-1829.9007806834961,0.6,6,144.51802245527506
w3reg,256,4,sqa-opt,optimal,15,150,6.0166,1.0,-1871.3486347812468,0.6,6,251.45801735669374
numpart,28,0,sqa-std,standard,15,150,5.0,1.0,4.4301184942696636e-10,0.0667,67,10.73148299753666
numpart,28,0,sqa-opt,optimal,15,150,5.0,1.0,8.128164807885696e-11,0.1333,33,12.976413778960705
numpart,30,26,sqa-std,standard,15,150,5.0,1.0,2.2843558156182553e-09,0.0667,67,11.557173758745193
numpart,30,26,sqa-opt,optimal,15,150,5.0,1.0,2.056239623016154e-10,0.0667,67,12.545804269611835
wmaxcut,128,25,sqa-std,standard,15,150,6.1011,1.0,-3673.357309533903,0.3333,12,60.24571496248245
wmaxcut,128,25,sqa-opt,optimal,15,150,6.1011,1.0,-3673.357309533903,1.0,1.0,76.27662728726864
sk,64,21,sqa-std,standard,15,150,4.9814,1.0,-1768.2056779545799,0.8,3,27.616286650300026
sk,64,21,sqa-opt,optimal,15,150,4.9814,1.0,-1768.2056779545799,1.0,1.0,32.13921592384577
sk,256,17,sqa-std,standard,15,150,4.9925,1.0,-14965.684457230589,0.4667,8,141.8917921707034
sk,256,17,sqa-opt,optimal,15,150,4.9925,1.0,-15228.782569854622,1.0,1.0,176.55948320031166
ea3d,125,13,sqa-std,standard,15,150,5.0158,1.0,-1076.9373017151022,0.6,6,59.46088446676731
ea3d,125,13,sqa-opt,optimal,15,150,5.0158,1.0,-1076.9373017151022,1.0,1.0,85.37055668234825
w3reg,64,9,sqa-std,standard,15,150,6.4461,1.0,-450.6854351153907,0.6,6,28.010119125247
w3reg,64,9,sqa-opt,optimal,15,150,6.4461,1.0,-450.6854351153907,1.0,1.0,36.2652592509985
w3reg,256,5,sqa-std,standard,15,150,5.9897,1.0,-1846.3742920556176,0.0667,67,149.34174194931984
w3reg,256,5,sqa-opt,optimal,15,150,5.9897,1.0,-1860.0510911060703,0.8667,3,251.7024042084813
numpart,28,1,sqa-std,standard,15,150,5.0,1.0,9.83867032289254e-09,0.0667,67,11.088198371231556
numpart,28,1,sqa-opt,optimal,15,150,5.0,1.0,3.034728024431388e-11,0.0667,67,13.03805237263441
numpart,30,27,sqa-std,standard,15,150,5.0,1.0,1.0173774711574879e-08,0.0667,67,11.756571747362614
numpart,30,27,sqa-opt,optimal,15,150,5.0,1.0,3.134381643121742e-11,0.1333,33,12.286419734358788
